url_name,round,gem_id,hero,opponent,outcome,table_id
battle-hardened-perth-2025-beyond-odyssey,1,71797322,"Florian, Rotwood Harbinger","Cindra, Dracai of Retribution",0,11
battle-hardened-perth-2025-beyond-odyssey,1,2898,"Cindra, Dracai of Retribution","Florian, Rotwood Harbinger",1,11
battle-hardened-perth-2025-beyond-odyssey,1,69637783,Dorinthea Ironsong,"Verdance, Thorn of the Rose",0,12
battle-hardened-perth-2025-beyond-odyssey,1,23737341,"Verdance, Thorn of the Rose",Dorinthea Ironsong,1,12
battle-hardened-perth-2025-beyond-odyssey,1,69148916,"Verdance, Thorn of the Rose","Arakni, 5L!p3d 7hRu 7h3 cR4X",0,13
battle-hardened-perth-2025-beyond-odyssey,1,66757672,"Arakni, 5L!p3d 7hRu 7h3 cR4X","Verdance, Thorn of the Rose",1,13
battle-hardened-perth-2025-beyond-odyssey,1,68784787,Kassai of the Golden Sand,"Valda, Seismic Impact",0,14
battle-hardened-perth-2025-beyond-odyssey,1,75569658,"Valda, Seismic Impact",Kassai of the Golden Sand,1,14
battle-hardened-perth-2025-beyond-odyssey,1,48776769,"Gravy Bones, Shipwrecked Looter","Arakni, 5L!p3d 7hRu 7h3 cR4X",1,15
battle-hardened-perth-2025-beyond-odyssey,1,68941746,"Arakni, 5L!p3d 7hRu 7h3 cR4X","Gravy Bones, Shipwrecked Looter",0,15
battle-hardened-perth-2025-beyond-odyssey,1,29584825,"Arakni, 5L!p3d 7hRu 7h3 cR4X",Dash I/O,1,16
battle-hardened-perth-2025-beyond-odyssey,1,49194339,Dash I/O,"Arakni, 5L!p3d 7hRu 7h3 cR4X",0,16
battle-hardened-perth-2025-beyond-odyssey,1,64575863,"Gravy Bones, Shipwrecked Looter","Victor Goldmane, High and Mighty",1,17
battle-hardened-perth-2025-beyond-odyssey,1,33667697,"Victor Goldmane, High and Mighty","Gravy Bones, Shipwrecked Looter",0,17
battle-hardened-perth-2025-beyond-odyssey,1,23393875,"Arakni, Marionette","Oscilio, Constella Intelligence",1,18
battle-hardened-perth-2025-beyond-odyssey,1,68724639,"Oscilio, Constella Intelligence","Arakni, Marionette",0,18
battle-hardened-perth-2025-beyond-odyssey,1,91791322,"Fai, Rising Rebellion","Rhinar, Reckless Rampage",1,19
battle-hardened-perth-2025-beyond-odyssey,1,74693164,"Rhinar, Reckless Rampage","Fai, Rising Rebellion",0,19
battle-hardened-perth-2025-beyond-odyssey,1,54871472,"Prism, Awakener of Sol","Fang, Dracai of Blades",0,20
battle-hardened-perth-2025-beyond-odyssey,1,13299616,"Fang, Dracai of Blades","Prism, Awakener of Sol",1,20
battle-hardened-perth-2025-beyond-odyssey,1,99235941,"Oscilio, Constella Intelligence","Florian, Rotwood Harbinger",1,21
battle-hardened-perth-2025-beyond-odyssey,1,88357994,"Florian, Rotwood Harbinger","Oscilio, Constella Intelligence",0,21
battle-hardened-perth-2025-beyond-odyssey,1,26941451,"Florian, Rotwood Harbinger","Oscilio, Constella Intelligence",0,22
battle-hardened-perth-2025-beyond-odyssey,1,93399167,"Oscilio, Constella Intelligence","Florian, Rotwood Harbinger",1,22
battle-hardened-perth-2025-beyond-odyssey,1,22834677,"Valda, Seismic Impact","Florian, Rotwood Harbinger",1,23
battle-hardened-perth-2025-beyond-odyssey,1,4444,"Florian, Rotwood Harbinger","Valda, Seismic Impact",0,23
battle-hardened-perth-2025-beyond-odyssey,1,87934287,"Gravy Bones, Shipwrecked Looter",Dorinthea Ironsong,0,24
battle-hardened-perth-2025-beyond-odyssey,1,35884794,Dorinthea Ironsong,"Gravy Bones, Shipwrecked Looter",1,24
battle-hardened-perth-2025-beyond-odyssey,1,91565873,"Katsu, the Wanderer","Gravy Bones, Shipwrecked Looter",0,25
battle-hardened-perth-2025-beyond-odyssey,1,53593961,"Gravy Bones, Shipwrecked Looter","Katsu, the Wanderer",1,25
battle-hardened-perth-2025-beyond-odyssey,1,66815249,"Fang, Dracai of Blades","Kayo, Armed and Dangerous",0,26
battle-hardened-perth-2025-beyond-odyssey,1,77732311,"Kayo, Armed and Dangerous","Fang, Dracai of Blades",1,26
battle-hardened-perth-2025-beyond-odyssey,1,95833681,"Verdance, Thorn of the Rose","Vynnset, Iron Maiden",1,27
battle-hardened-perth-2025-beyond-odyssey,1,42852269,"Vynnset, Iron Maiden","Verdance, Thorn of the Rose",0,27
battle-hardened-perth-2025-beyond-odyssey,1,86596437,Dash I/O,"Gravy Bones, Shipwrecked Looter",1,29
battle-hardened-perth-2025-beyond-odyssey,1,13464811,"Gravy Bones, Shipwrecked Looter",Dash I/O,0,29
battle-hardened-perth-2025-beyond-odyssey,1,64651483,"Ira, Scarlet Revenger","Ira, Scarlet Revenger",0,30
battle-hardened-perth-2025-beyond-odyssey,1,98477389,"Ira, Scarlet Revenger","Ira, Scarlet Revenger",1,30
battle-hardened-perth-2025-beyond-odyssey,1,55129165,"Arakni, 5L!p3d 7hRu 7h3 cR4X","Prism, Awakener of Sol",0,31
battle-hardened-perth-2025-beyond-odyssey,1,53195898,"Prism, Awakener of Sol","Arakni, 5L!p3d 7hRu 7h3 cR4X",1,31
battle-hardened-perth-2025-beyond-odyssey,1,57758858,"Victor Goldmane, High and Mighty","Arakni, 5L!p3d 7hRu 7h3 cR4X",0,32
battle-hardened-perth-2025-beyond-odyssey,1,34935542,"Arakni, 5L!p3d 7hRu 7h3 cR4X","Victor Goldmane, High and Mighty",1,32
battle-hardened-perth-2025-beyond-odyssey,1,36618379,"Prism, Awakener of Sol","Prism, Awakener of Sol",0,33
battle-hardened-perth-2025-beyond-odyssey,1,25184487,"Prism, Awakener of Sol","Prism, Awakener of Sol",1,33
battle-hardened-perth-2025-beyond-odyssey,1,45912564,"Ira, Scarlet Revenger","Prism, Awakener of Sol",0,34
battle-hardened-perth-2025-beyond-odyssey,1,12768988,"Prism, Awakener of Sol","Ira, Scarlet Revenger",1,34
battle-hardened-perth-2025-beyond-odyssey,1,27731527,"Victor Goldmane, High and Mighty","Oscilio, Constella Intelligence",1,35
battle-hardened-perth-2025-beyond-odyssey,1,75635635,"Oscilio, Constella Intelligence","Victor Goldmane, High and Mighty",0,35
battle-hardened-perth-2025-beyond-odyssey,1,16658933,Dorinthea Ironsong,"Prism, Awakener of Sol",0,36
battle-hardened-perth-2025-beyond-odyssey,1,47246556,"Prism, Awakener of Sol",Dorinthea Ironsong,1,36
battle-hardened-perth-2025-beyond-odyssey,1,51253742,"Fang, Dracai of Blades",Dash I/O,0,38
battle-hardened-perth-2025-beyond-odyssey,1,98946681,Dash I/O,"Fang, Dracai of Blades",1,38
battle-hardened-perth-2025-beyond-odyssey,1,76836146,"Oscilio, Constella Intelligence","Oscilio, Constella Intelligence",0,39
battle-hardened-perth-2025-beyond-odyssey,1,51535492,"Oscilio, Constella Intelligence","Oscilio, Constella Intelligence",1,39
battle-hardened-perth-2025-beyond-odyssey,2,2898,"Cindra, Dracai of Retribution","Fai, Rising Rebellion",1,21
battle-hardened-perth-2025-beyond-odyssey,2,91791322,"Fai, Rising Rebellion","Cindra, Dracai of Retribution",0,21
battle-hardened-perth-2025-beyond-odyssey,2,29584825,"Arakni, 5L!p3d 7hRu 7h3 cR4X","Fang, Dracai of Blades",0,23
battle-hardened-perth-2025-beyond-odyssey,2,55392224,"Fang, Dracai of Blades","Arakni, 5L!p3d 7hRu 7h3 cR4X",1,23
battle-hardened-perth-2025-beyond-odyssey,2,34935542,"Arakni, 5L!p3d 7hRu 7h3 cR4X","Oscilio, Constella Intelligence",1,24
battle-hardened-perth-2025-beyond-odyssey,2,99235941,"Oscilio, Constella Intelligence","Arakni, 5L!p3d 7hRu 7h3 cR4X",0,24
battle-hardened-perth-2025-beyond-odyssey,2,53195898,"Prism, Awakener of Sol","Ira, Scarlet Revenger",0,25
battle-hardened-perth-2025-beyond-odyssey,2,98477389,"Ira, Scarlet Revenger","Prism, Awakener of Sol",1,25
battle-hardened-perth-2025-beyond-odyssey,2,98946681,Dash I/O,Dorinthea Ironsong,0,26
battle-hardened-perth-2025-beyond-odyssey,2,35884794,Dorinthea Ironsong,Dash I/O,1,26
battle-hardened-perth-2025-beyond-odyssey,2,12768988,"Prism, Awakener of Sol","Gravy Bones, Shipwrecked Looter",0,27
battle-hardened-perth-2025-beyond-odyssey,2,48776769,"Gravy Bones, Shipwrecked Looter","Prism, Awakener of Sol",1,27
battle-hardened-perth-2025-beyond-odyssey,2,25184487,"Prism, Awakener of Sol","Gravy Bones, Shipwrecked Looter",1,28
battle-hardened-perth-2025-beyond-odyssey,2,64575863,"Gravy Bones, Shipwrecked Looter","Prism, Awakener of Sol",0,28
battle-hardened-perth-2025-beyond-odyssey,2,23737341,"Verdance, Thorn of the Rose","Arakni, Marionette",1,29
battle-hardened-perth-2025-beyond-odyssey,2,23393875,"Arakni, Marionette","Verdance, Thorn of the Rose",0,29
battle-hardened-perth-2025-beyond-odyssey,2,86596437,Dash I/O,"Arakni, 5L!p3d 7hRu 7h3 cR4X",0,30
battle-hardened-perth-2025-beyond-odyssey,2,66757672,"Arakni, 5L!p3d 7hRu 7h3 cR4X",Dash I/O,1,30
battle-hardened-perth-2025-beyond-odyssey,2,22834677,"Valda, Seismic Impact","Oscilio, Constella Intelligence",0,31
battle-hardened-perth-2025-beyond-odyssey,2,93399167,"Oscilio, Constella Intelligence","Valda, Seismic Impact",1,31
battle-hardened-perth-2025-beyond-odyssey,2,47246556,"Prism, Awakener of Sol","Gravy Bones, Shipwrecked Looter",1,32
battle-hardened-perth-2025-beyond-odyssey,2,53593961,"Gravy Bones, Shipwrecked Looter","Prism, Awakener of Sol",0,32
battle-hardened-perth-2025-beyond-odyssey,2,95833681,"Verdance, Thorn of the Rose","Fang, Dracai of Blades",0,33
battle-hardened-perth-2025-beyond-odyssey,2,13299616,"Fang, Dracai of Blades","Verdance, Thorn of the Rose",1,33
battle-hardened-perth-2025-beyond-odyssey,2,75569658,"Valda, Seismic Impact","Kayo, Armed and Dangerous",1,34
battle-hardened-perth-2025-beyond-odyssey,2,77732311,"Kayo, Armed and Dangerous","Valda, Seismic Impact",0,34
battle-hardened-perth-2025-beyond-odyssey,2,51535492,"Oscilio, Constella Intelligence","Verdance, Thorn of the Rose",1,35
battle-hardened-perth-2025-beyond-odyssey,2,69148916,"Verdance, Thorn of the Rose","Oscilio, Constella Intelligence",0,35
battle-hardened-perth-2025-beyond-odyssey,2,51253742,"Fang, Dracai of Blades",Dorinthea Ironsong,1,36
battle-hardened-perth-2025-beyond-odyssey,2,69637783,Dorinthea Ironsong,"Fang, Dracai of Blades",0,36
battle-hardened-perth-2025-beyond-odyssey,2,76836146,"Oscilio, Constella Intelligence","Oscilio, Constella Intelligence",0,37
battle-hardened-perth-2025-beyond-odyssey,2,68724639,"Oscilio, Constella Intelligence","Oscilio, Constella Intelligence",1,37
battle-hardened-perth-2025-beyond-odyssey,2,91565873,"Katsu, the Wanderer","Prism, Awakener of Sol",0,38
battle-hardened-perth-2025-beyond-odyssey,2,36618379,"Prism, Awakener of Sol","Katsu, the Wanderer",1,38
battle-hardened-perth-2025-beyond-odyssey,2,16658933,Dorinthea Ironsong,"Vynnset, Iron Maiden",1,39
battle-hardened-perth-2025-beyond-odyssey,2,42852269,"Vynnset, Iron Maiden",Dorinthea Ironsong,0,39
battle-hardened-perth-2025-beyond-odyssey,2,28864756,"Ira, Scarlet Revenger","Florian, Rotwood Harbinger",0,40
battle-hardened-perth-2025-beyond-odyssey,2,88357994,"Florian, Rotwood Harbinger","Ira, Scarlet Revenger",1,40
battle-hardened-perth-2025-beyond-odyssey,2,33667697,"Victor Goldmane, High and Mighty",Kassai of the Golden Sand,1,41
battle-hardened-perth-2025-beyond-odyssey,2,68784787,Kassai of the Golden Sand,"Victor Goldmane, High and Mighty",0,41
battle-hardened-perth-2025-beyond-odyssey,2,4444,"Florian, Rotwood Harbinger","Prism, Awakener of Sol",0,42
battle-hardened-perth-2025-beyond-odyssey,2,54871472,"Prism, Awakener of Sol","Florian, Rotwood Harbinger",1,42
battle-hardened-perth-2025-beyond-odyssey,2,87934287,"Gravy Bones, Shipwrecked Looter","Ira, Scarlet Revenger",1,43
battle-hardened-perth-2025-beyond-odyssey,2,45912564,"Ira, Scarlet Revenger","Gravy Bones, Shipwrecked Looter",0,43
battle-hardened-perth-2025-beyond-odyssey,2,26941451,"Florian, Rotwood Harbinger","Arakni, 5L!p3d 7hRu 7h3 cR4X",0,44
battle-hardened-perth-2025-beyond-odyssey,2,68941746,"Arakni, 5L!p3d 7hRu 7h3 cR4X","Florian, Rotwood Harbinger",1,44
battle-hardened-perth-2025-beyond-odyssey,2,64651483,"Ira, Scarlet Revenger","Fang, Dracai of Blades",0,45
battle-hardened-perth-2025-beyond-odyssey,2,66815249,"Fang, Dracai of Blades","Ira, Scarlet Revenger",1,45
battle-hardened-perth-2025-beyond-odyssey,2,74693164,"Rhinar, Reckless Rampage","Florian, Rotwood Harbinger",0,46
battle-hardened-perth-2025-beyond-odyssey,2,71797322,"Florian, Rotwood Harbinger","Rhinar, Reckless Rampage",1,46
battle-hardened-perth-2025-beyond-odyssey,2,49194339,Dash I/O,"Arakni, 5L!p3d 7hRu 7h3 cR4X",0,48
battle-hardened-perth-2025-beyond-odyssey,2,55129165,"Arakni, 5L!p3d 7hRu 7h3 cR4X",Dash I/O,1,48
battle-hardened-perth-2025-beyond-odyssey,2,75635635,"Oscilio, Constella Intelligence","Victor Goldmane, High and Mighty",0,49
battle-hardened-perth-2025-beyond-odyssey,2,57758858,"Victor Goldmane, High and Mighty","Oscilio, Constella Intelligence",1,49
battle-hardened-perth-2025-beyond-odyssey,3,2898,"Cindra, Dracai of Retribution","Prism, Awakener of Sol",0,31
battle-hardened-perth-2025-beyond-odyssey,3,47246556,"Prism, Awakener of Sol","Cindra, Dracai of Retribution",1,31
battle-hardened-perth-2025-beyond-odyssey,3,34935542,"Arakni, 5L!p3d 7hRu 7h3 cR4X","Ira, Scarlet Revenger",1,32
battle-hardened-perth-2025-beyond-odyssey,3,98477389,"Ira, Scarlet Revenger","Arakni, 5L!p3d 7hRu 7h3 cR4X",0,32
battle-hardened-perth-2025-beyond-odyssey,3,25184487,"Prism, Awakener of Sol","Fang, Dracai of Blades",0,33
battle-hardened-perth-2025-beyond-odyssey,3,13299616,"Fang, Dracai of Blades","Prism, Awakener of Sol",1,33
battle-hardened-perth-2025-beyond-odyssey,3,48776769,"Gravy Bones, Shipwrecked Looter","Victor Goldmane, High and Mighty",1,34
battle-hardened-perth-2025-beyond-odyssey,3,27731527,"Victor Goldmane, High and Mighty","Gravy Bones, Shipwrecked Looter",0,34
battle-hardened-perth-2025-beyond-odyssey,3,55392224,"Fang, Dracai of Blades",Dorinthea Ironsong,1,35
battle-hardened-perth-2025-beyond-odyssey,3,35884794,Dorinthea Ironsong,"Fang, Dracai of Blades",0,35
battle-hardened-perth-2025-beyond-odyssey,3,23737341,"Verdance, Thorn of the Rose","Valda, Seismic Impact",1,36
battle-hardened-perth-2025-beyond-odyssey,3,75569658,"Valda, Seismic Impact","Verdance, Thorn of the Rose",0,36
battle-hardened-perth-2025-beyond-odyssey,3,93399167,"Oscilio, Constella Intelligence","Arakni, 5L!p3d 7hRu 7h3 cR4X",1,37
battle-hardened-perth-2025-beyond-odyssey,3,66757672,"Arakni, 5L!p3d 7hRu 7h3 cR4X","Oscilio, Constella Intelligence",0,37
battle-hardened-perth-2025-beyond-odyssey,3,51535492,"Oscilio, Constella Intelligence","Gravy Bones, Shipwrecked Looter",1,38
battle-hardened-perth-2025-beyond-odyssey,3,64575863,"Gravy Bones, Shipwrecked Looter","Oscilio, Constella Intelligence",0,38
battle-hardened-perth-2025-beyond-odyssey,3,53195898,"Prism, Awakener of Sol","Gravy Bones, Shipwrecked Looter",1,39
battle-hardened-perth-2025-beyond-odyssey,3,87934287,"Gravy Bones, Shipwrecked Looter","Prism, Awakener of Sol",0,39
battle-hardened-perth-2025-beyond-odyssey,3,98946681,Dash I/O,"Arakni, 5L!p3d 7hRu 7h3 cR4X",1,40
battle-hardened-perth-2025-beyond-odyssey,3,29584825,"Arakni, 5L!p3d 7hRu 7h3 cR4X",Dash I/O,0,40
battle-hardened-perth-2025-beyond-odyssey,3,99235941,"Oscilio, Constella Intelligence",Dash I/O,0,41
battle-hardened-perth-2025-beyond-odyssey,3,86596437,Dash I/O,"Oscilio, Constella Intelligence",1,41
battle-hardened-perth-2025-beyond-odyssey,3,77732311,"Kayo, Armed and Dangerous","Florian, Rotwood Harbinger",1,42
battle-hardened-perth-2025-beyond-odyssey,3,88357994,"Florian, Rotwood Harbinger","Kayo, Armed and Dangerous",0,42
battle-hardened-perth-2025-beyond-odyssey,3,23393875,"Arakni, Marionette","Fang, Dracai of Blades",1,43
battle-hardened-perth-2025-beyond-odyssey,3,66815249,"Fang, Dracai of Blades","Arakni, Marionette",0,43
battle-hardened-perth-2025-beyond-odyssey,3,91791322,"Fai, Rising Rebellion","Prism, Awakener of Sol",1,44
battle-hardened-perth-2025-beyond-odyssey,3,12768988,"Prism, Awakener of Sol","Fai, Rising Rebellion",0,44
battle-hardened-perth-2025-beyond-odyssey,3,95833681,"Verdance, Thorn of the Rose","Victor Goldmane, High and Mighty",1,47
battle-hardened-perth-2025-beyond-odyssey,3,33667697,"Victor Goldmane, High and Mighty","Verdance, Thorn of the Rose",0,47
battle-hardened-perth-2025-beyond-odyssey,3,53593961,"Gravy Bones, Shipwrecked Looter",Dorinthea Ironsong,0,48
battle-hardened-perth-2025-beyond-odyssey,3,16658933,Dorinthea Ironsong,"Gravy Bones, Shipwrecked Looter",1,48
battle-hardened-perth-2025-beyond-odyssey,3,68941746,"Arakni, 5L!p3d 7hRu 7h3 cR4X","Prism, Awakener of Sol",1,49
battle-hardened-perth-2025-beyond-odyssey,3,54871472,"Prism, Awakener of Sol","Arakni, 5L!p3d 7hRu 7h3 cR4X",0,49
battle-hardened-perth-2025-beyond-odyssey,3,36618379,"Prism, Awakener of Sol","Fang, Dracai of Blades",0,50
battle-hardened-perth-2025-beyond-odyssey,3,51253742,"Fang, Dracai of Blades","Prism, Awakener of Sol",1,50
battle-hardened-perth-2025-beyond-odyssey,3,71797322,"Florian, Rotwood Harbinger","Arakni, 5L!p3d 7hRu 7h3 cR4X",0,51
battle-hardened-perth-2025-beyond-odyssey,3,55129165,"Arakni, 5L!p3d 7hRu 7h3 cR4X","Florian, Rotwood Harbinger",1,51
battle-hardened-perth-2025-beyond-odyssey,3,68724639,"Oscilio, Constella Intelligence","Ira, Scarlet Revenger",0,52
battle-hardened-perth-2025-beyond-odyssey,3,28864756,"Ira, Scarlet Revenger","Oscilio, Constella Intelligence",1,52
battle-hardened-perth-2025-beyond-odyssey,3,69148916,"Verdance, Thorn of the Rose","Ira, Scarlet Revenger",1,53
battle-hardened-perth-2025-beyond-odyssey,3,45912564,"Ira, Scarlet Revenger","Verdance, Thorn of the Rose",0,53
battle-hardened-perth-2025-beyond-odyssey,3,76836146,"Oscilio, Constella Intelligence","Florian, Rotwood Harbinger",1,54
battle-hardened-perth-2025-beyond-odyssey,3,4444,"Florian, Rotwood Harbinger","Oscilio, Constella Intelligence",0,54
battle-hardened-perth-2025-beyond-odyssey,3,68784787,Kassai of the Golden Sand,Dorinthea Ironsong,0,55
battle-hardened-perth-2025-beyond-odyssey,3,69637783,Dorinthea Ironsong,Kassai of the Golden Sand,1,55
battle-hardened-perth-2025-beyond-odyssey,3,26941451,"Florian, Rotwood Harbinger",Dash I/O,0,56
battle-hardened-perth-2025-beyond-odyssey,3,49194339,Dash I/O,"Florian, Rotwood Harbinger",1,56
battle-hardened-perth-2025-beyond-odyssey,3,64651483,"Ira, Scarlet Revenger","Vynnset, Iron Maiden",1,57
battle-hardened-perth-2025-beyond-odyssey,3,42852269,"Vynnset, Iron Maiden","Ira, Scarlet Revenger",0,57
battle-hardened-perth-2025-beyond-odyssey,3,75635635,"Oscilio, Constella Intelligence","Rhinar, Reckless Rampage",0,58
battle-hardened-perth-2025-beyond-odyssey,3,74693164,"Rhinar, Reckless Rampage","Oscilio, Constella Intelligence",1,58
battle-hardened-perth-2025-beyond-odyssey,4,13299616,"Fang, Dracai of Blades","Oscilio, Constella Intelligence",1,41
battle-hardened-perth-2025-beyond-odyssey,4,93399167,"Oscilio, Constella Intelligence","Fang, Dracai of Blades",0,41
battle-hardened-perth-2025-beyond-odyssey,4,34935542,"Arakni, 5L!p3d 7hRu 7h3 cR4X","Oscilio, Constella Intelligence",1,42
battle-hardened-perth-2025-beyond-odyssey,4,51535492,"Oscilio, Constella Intelligence","Arakni, 5L!p3d 7hRu 7h3 cR4X",0,42
battle-hardened-perth-2025-beyond-odyssey,4,47246556,"Prism, Awakener of Sol","Gravy Bones, Shipwrecked Looter",0,43
battle-hardened-perth-2025-beyond-odyssey,4,48776769,"Gravy Bones, Shipwrecked Looter","Prism, Awakener of Sol",1,43
battle-hardened-perth-2025-beyond-odyssey,4,23737341,"Verdance, Thorn of the Rose","Fang, Dracai of Blades",1,44
battle-hardened-perth-2025-beyond-odyssey,4,55392224,"Fang, Dracai of Blades","Verdance, Thorn of the Rose",0,44
battle-hardened-perth-2025-beyond-odyssey,4,35884794,Dorinthea Ironsong,"Prism, Awakener of Sol",0,45
battle-hardened-perth-2025-beyond-odyssey,4,53195898,"Prism, Awakener of Sol",Dorinthea Ironsong,1,45
battle-hardened-perth-2025-beyond-odyssey,4,2898,"Cindra, Dracai of Retribution","Ira, Scarlet Revenger",1,46
battle-hardened-perth-2025-beyond-odyssey,4,98477389,"Ira, Scarlet Revenger","Cindra, Dracai of Retribution",0,46
battle-hardened-perth-2025-beyond-odyssey,4,66757672,"Arakni, 5L!p3d 7hRu 7h3 cR4X",Dash I/O,1,47
battle-hardened-perth-2025-beyond-odyssey,4,98946681,Dash I/O,"Arakni, 5L!p3d 7hRu 7h3 cR4X",0,47
battle-hardened-perth-2025-beyond-odyssey,4,25184487,"Prism, Awakener of Sol","Arakni, 5L!p3d 7hRu 7h3 cR4X",1,48
battle-hardened-perth-2025-beyond-odyssey,4,68941746,"Arakni, 5L!p3d 7hRu 7h3 cR4X","Prism, Awakener of Sol",0,48
battle-hardened-perth-2025-beyond-odyssey,4,75569658,"Valda, Seismic Impact",Dash I/O,1,49
battle-hardened-perth-2025-beyond-odyssey,4,86596437,Dash I/O,"Valda, Seismic Impact",0,49
battle-hardened-perth-2025-beyond-odyssey,4,27731527,"Victor Goldmane, High and Mighty","Verdance, Thorn of the Rose",0,50
battle-hardened-perth-2025-beyond-odyssey,4,95833681,"Verdance, Thorn of the Rose","Victor Goldmane, High and Mighty",1,50
battle-hardened-perth-2025-beyond-odyssey,4,23393875,"Arakni, Marionette","Arakni, 5L!p3d 7hRu 7h3 cR4X",1,51
battle-hardened-perth-2025-beyond-odyssey,4,55129165,"Arakni, 5L!p3d 7hRu 7h3 cR4X","Arakni, Marionette",0,51
battle-hardened-perth-2025-beyond-odyssey,4,77732311,"Kayo, Armed and Dangerous","Fai, Rising Rebellion",1,52
battle-hardened-perth-2025-beyond-odyssey,4,91791322,"Fai, Rising Rebellion","Kayo, Armed and Dangerous",0,52
battle-hardened-perth-2025-beyond-odyssey,4,22834677,"Valda, Seismic Impact","Fang, Dracai of Blades",0,53
battle-hardened-perth-2025-beyond-odyssey,4,51253742,"Fang, Dracai of Blades","Valda, Seismic Impact",1,53
battle-hardened-perth-2025-beyond-odyssey,4,57758858,"Victor Goldmane, High and Mighty",Dorinthea Ironsong,1,54
battle-hardened-perth-2025-beyond-odyssey,4,16658933,Dorinthea Ironsong,"Victor Goldmane, High and Mighty",0,54
battle-hardened-perth-2025-beyond-odyssey,4,64575863,"Gravy Bones, Shipwrecked Looter","Verdance, Thorn of the Rose",1,55
battle-hardened-perth-2025-beyond-odyssey,4,69148916,"Verdance, Thorn of the Rose","Gravy Bones, Shipwrecked Looter",0,55
battle-hardened-perth-2025-beyond-odyssey,4,99235941,"Oscilio, Constella Intelligence",Dash I/O,0,56
battle-hardened-perth-2025-beyond-odyssey,4,49194339,Dash I/O,"Oscilio, Constella Intelligence",1,56
battle-hardened-perth-2025-beyond-odyssey,4,53593961,"Gravy Bones, Shipwrecked Looter","Oscilio, Constella Intelligence",1,57
battle-hardened-perth-2025-beyond-odyssey,4,76836146,"Oscilio, Constella Intelligence","Gravy Bones, Shipwrecked Looter",0,57
battle-hardened-perth-2025-beyond-odyssey,4,12768988,"Prism, Awakener of Sol","Prism, Awakener of Sol",1,58
battle-hardened-perth-2025-beyond-odyssey,4,54871472,"Prism, Awakener of Sol","Prism, Awakener of Sol",0,58
battle-hardened-perth-2025-beyond-odyssey,4,36618379,"Prism, Awakener of Sol","Ira, Scarlet Revenger",1,61
battle-hardened-perth-2025-beyond-odyssey,4,28864756,"Ira, Scarlet Revenger","Prism, Awakener of Sol",0,61
battle-hardened-perth-2025-beyond-odyssey,4,87934287,"Gravy Bones, Shipwrecked Looter","Ira, Scarlet Revenger",0,62
battle-hardened-perth-2025-beyond-odyssey,4,64651483,"Ira, Scarlet Revenger","Gravy Bones, Shipwrecked Looter",1,62
battle-hardened-perth-2025-beyond-odyssey,4,88357994,"Florian, Rotwood Harbinger",Dorinthea Ironsong,0,63
battle-hardened-perth-2025-beyond-odyssey,4,69637783,Dorinthea Ironsong,"Florian, Rotwood Harbinger",1,63
battle-hardened-perth-2025-beyond-odyssey,4,68724639,"Oscilio, Constella Intelligence","Rhinar, Reckless Rampage",0,64
battle-hardened-perth-2025-beyond-odyssey,4,74693164,"Rhinar, Reckless Rampage","Oscilio, Constella Intelligence",1,64
battle-hardened-perth-2025-beyond-odyssey,4,33667697,"Victor Goldmane, High and Mighty","Katsu, the Wanderer",1,65
battle-hardened-perth-2025-beyond-odyssey,4,91565873,"Katsu, the Wanderer","Victor Goldmane, High and Mighty",0,65
battle-hardened-perth-2025-beyond-odyssey,4,26941451,"Florian, Rotwood Harbinger","Oscilio, Constella Intelligence",0,66
battle-hardened-perth-2025-beyond-odyssey,4,75635635,"Oscilio, Constella Intelligence","Florian, Rotwood Harbinger",1,66
battle-hardened-perth-2025-beyond-odyssey,4,42852269,"Vynnset, Iron Maiden","Florian, Rotwood Harbinger",0,67
battle-hardened-perth-2025-beyond-odyssey,4,4444,"Florian, Rotwood Harbinger","Vynnset, Iron Maiden",1,67
battle-hardened-perth-2025-beyond-odyssey,4,68784787,Kassai of the Golden Sand,"Ira, Scarlet Revenger",1,68
battle-hardened-perth-2025-beyond-odyssey,4,45912564,"Ira, Scarlet Revenger",Kassai of the Golden Sand,0,68
battle-hardened-perth-2025-beyond-odyssey,5,23737341,"Verdance, Thorn of the Rose","Fang, Dracai of Blades",0,51
battle-hardened-perth-2025-beyond-odyssey,5,13299616,"Fang, Dracai of Blades","Verdance, Thorn of the Rose",1,51
battle-hardened-perth-2025-beyond-odyssey,5,34935542,"Arakni, 5L!p3d 7hRu 7h3 cR4X","Gravy Bones, Shipwrecked Looter",1,52
battle-hardened-perth-2025-beyond-odyssey,5,48776769,"Gravy Bones, Shipwrecked Looter","Arakni, 5L!p3d 7hRu 7h3 cR4X",0,52
battle-hardened-perth-2025-beyond-odyssey,5,47246556,"Prism, Awakener of Sol","Arakni, Marionette",1,53
battle-hardened-perth-2025-beyond-odyssey,5,23393875,"Arakni, Marionette","Prism, Awakener of Sol",0,53
battle-hardened-perth-2025-beyond-odyssey,5,93399167,"Oscilio, Constella Intelligence","Fang, Dracai of Blades",1,54
battle-hardened-perth-2025-beyond-odyssey,5,51253742,"Fang, Dracai of Blades","Oscilio, Constella Intelligence",0,54
battle-hardened-perth-2025-beyond-odyssey,5,55392224,"Fang, Dracai of Blades","Oscilio, Constella Intelligence",0,55
battle-hardened-perth-2025-beyond-odyssey,5,51535492,"Oscilio, Constella Intelligence","Fang, Dracai of Blades",1,55
battle-hardened-perth-2025-beyond-odyssey,5,25184487,"Prism, Awakener of Sol","Kayo, Armed and Dangerous",1,56
battle-hardened-perth-2025-beyond-odyssey,5,77732311,"Kayo, Armed and Dangerous","Prism, Awakener of Sol",0,56
battle-hardened-perth-2025-beyond-odyssey,5,75569658,"Valda, Seismic Impact","Cindra, Dracai of Retribution",0,57
battle-hardened-perth-2025-beyond-odyssey,5,2898,"Cindra, Dracai of Retribution","Valda, Seismic Impact",1,57
battle-hardened-perth-2025-beyond-odyssey,5,66757672,"Arakni, 5L!p3d 7hRu 7h3 cR4X","Prism, Awakener of Sol",0,58
battle-hardened-perth-2025-beyond-odyssey,5,53195898,"Prism, Awakener of Sol","Arakni, 5L!p3d 7hRu 7h3 cR4X",1,58
battle-hardened-perth-2025-beyond-odyssey,5,95833681,"Verdance, Thorn of the Rose","Victor Goldmane, High and Mighty",1,59
battle-hardened-perth-2025-beyond-odyssey,5,57758858,"Victor Goldmane, High and Mighty","Verdance, Thorn of the Rose",0,59
battle-hardened-perth-2025-beyond-odyssey,5,98477389,"Ira, Scarlet Revenger",Dash I/O,0,60
battle-hardened-perth-2025-beyond-odyssey,5,86596437,Dash I/O,"Ira, Scarlet Revenger",1,60
battle-hardened-perth-2025-beyond-odyssey,5,27731527,"Victor Goldmane, High and Mighty","Prism, Awakener of Sol",0,61
battle-hardened-perth-2025-beyond-odyssey,5,36618379,"Prism, Awakener of Sol","Victor Goldmane, High and Mighty",1,61
battle-hardened-perth-2025-beyond-odyssey,5,35884794,Dorinthea Ironsong,"Prism, Awakener of Sol",1,62
battle-hardened-perth-2025-beyond-odyssey,5,12768988,"Prism, Awakener of Sol",Dorinthea Ironsong,0,62
battle-hardened-perth-2025-beyond-odyssey,5,98946681,Dash I/O,"Gravy Bones, Shipwrecked Looter",1,64
battle-hardened-perth-2025-beyond-odyssey,5,64575863,"Gravy Bones, Shipwrecked Looter",Dash I/O,0,64
battle-hardened-perth-2025-beyond-odyssey,5,22834677,"Valda, Seismic Impact","Victor Goldmane, High and Mighty",0,65
battle-hardened-perth-2025-beyond-odyssey,5,33667697,"Victor Goldmane, High and Mighty","Valda, Seismic Impact",1,65
battle-hardened-perth-2025-beyond-odyssey,5,55129165,"Arakni, 5L!p3d 7hRu 7h3 cR4X","Rhinar, Reckless Rampage",1,66
battle-hardened-perth-2025-beyond-odyssey,5,74693164,"Rhinar, Reckless Rampage","Arakni, 5L!p3d 7hRu 7h3 cR4X",0,66
battle-hardened-perth-2025-beyond-odyssey,5,68941746,"Arakni, 5L!p3d 7hRu 7h3 cR4X","Gravy Bones, Shipwrecked Looter",1,67
battle-hardened-perth-2025-beyond-odyssey,5,53593961,"Gravy Bones, Shipwrecked Looter","Arakni, 5L!p3d 7hRu 7h3 cR4X",0,67
battle-hardened-perth-2025-beyond-odyssey,5,16658933,Dorinthea Ironsong,"Ira, Scarlet Revenger",0,68
battle-hardened-perth-2025-beyond-odyssey,5,64651483,"Ira, Scarlet Revenger",Dorinthea Ironsong,1,68
battle-hardened-perth-2025-beyond-odyssey,5,71797322,"Florian, Rotwood Harbinger",Dorinthea Ironsong,1,69
battle-hardened-perth-2025-beyond-odyssey,5,69637783,Dorinthea Ironsong,"Florian, Rotwood Harbinger",0,69
battle-hardened-perth-2025-beyond-odyssey,5,66815249,"Fang, Dracai of Blades","Katsu, the Wanderer",1,70
battle-hardened-perth-2025-beyond-odyssey,5,91565873,"Katsu, the Wanderer","Fang, Dracai of Blades",0,70
battle-hardened-perth-2025-beyond-odyssey,5,54871472,"Prism, Awakener of Sol","Ira, Scarlet Revenger",0,71
battle-hardened-perth-2025-beyond-odyssey,5,28864756,"Ira, Scarlet Revenger","Prism, Awakener of Sol",1,71
battle-hardened-perth-2025-beyond-odyssey,5,88357994,"Florian, Rotwood Harbinger","Verdance, Thorn of the Rose",1,72
battle-hardened-perth-2025-beyond-odyssey,5,69148916,"Verdance, Thorn of the Rose","Florian, Rotwood Harbinger",0,72
battle-hardened-perth-2025-beyond-odyssey,5,68724639,"Oscilio, Constella Intelligence",Kassai of the Golden Sand,1,73
battle-hardened-perth-2025-beyond-odyssey,5,68784787,Kassai of the Golden Sand,"Oscilio, Constella Intelligence",0,73
battle-hardened-perth-2025-beyond-odyssey,5,75635635,"Oscilio, Constella Intelligence","Florian, Rotwood Harbinger",1,74
battle-hardened-perth-2025-beyond-odyssey,5,4444,"Florian, Rotwood Harbinger","Oscilio, Constella Intelligence",0,74
battle-hardened-perth-2025-beyond-odyssey,5,42852269,"Vynnset, Iron Maiden","Ira, Scarlet Revenger",0,75
battle-hardened-perth-2025-beyond-odyssey,5,45912564,"Ira, Scarlet Revenger","Vynnset, Iron Maiden",1,75
battle-hardened-perth-2025-beyond-odyssey,6,13299616,"Fang, Dracai of Blades","Arakni, 5L!p3d 7hRu 7h3 cR4X",0,61
battle-hardened-perth-2025-beyond-odyssey,6,34935542,"Arakni, 5L!p3d 7hRu 7h3 cR4X","Fang, Dracai of Blades",1,61
battle-hardened-perth-2025-beyond-odyssey,6,48776769,"Gravy Bones, Shipwrecked Looter",Dash I/O,1,62
battle-hardened-perth-2025-beyond-odyssey,6,86596437,Dash I/O,"Gravy Bones, Shipwrecked Looter",0,62
battle-hardened-perth-2025-beyond-odyssey,6,23737341,"Verdance, Thorn of the Rose","Oscilio, Constella Intelligence",1,63
battle-hardened-perth-2025-beyond-odyssey,6,51535492,"Oscilio, Constella Intelligence","Verdance, Thorn of the Rose",0,63
battle-hardened-perth-2025-beyond-odyssey,6,47246556,"Prism, Awakener of Sol","Verdance, Thorn of the Rose",0,64
battle-hardened-perth-2025-beyond-odyssey,6,95833681,"Verdance, Thorn of the Rose","Prism, Awakener of Sol",1,64
battle-hardened-perth-2025-beyond-odyssey,6,93399167,"Oscilio, Constella Intelligence","Prism, Awakener of Sol",0,65
battle-hardened-perth-2025-beyond-odyssey,6,25184487,"Prism, Awakener of Sol","Oscilio, Constella Intelligence",1,65
battle-hardened-perth-2025-beyond-odyssey,6,2898,"Cindra, Dracai of Retribution","Prism, Awakener of Sol",0,66
battle-hardened-perth-2025-beyond-odyssey,6,53195898,"Prism, Awakener of Sol","Cindra, Dracai of Retribution",1,66
battle-hardened-perth-2025-beyond-odyssey,6,55392224,"Fang, Dracai of Blades","Arakni, 5L!p3d 7hRu 7h3 cR4X",1,67
battle-hardened-perth-2025-beyond-odyssey,6,55129165,"Arakni, 5L!p3d 7hRu 7h3 cR4X","Fang, Dracai of Blades",0,67
battle-hardened-perth-2025-beyond-odyssey,6,23393875,"Arakni, Marionette","Florian, Rotwood Harbinger",1,68
battle-hardened-perth-2025-beyond-odyssey,6,71797322,"Florian, Rotwood Harbinger","Arakni, Marionette",0,68
battle-hardened-perth-2025-beyond-odyssey,6,77732311,"Kayo, Armed and Dangerous","Victor Goldmane, High and Mighty",1,69
battle-hardened-perth-2025-beyond-odyssey,6,33667697,"Victor Goldmane, High and Mighty","Kayo, Armed and Dangerous",0,69
battle-hardened-perth-2025-beyond-odyssey,6,57758858,"Victor Goldmane, High and Mighty",Dash I/O,0,70
battle-hardened-perth-2025-beyond-odyssey,6,98946681,Dash I/O,"Victor Goldmane, High and Mighty",1,70
battle-hardened-perth-2025-beyond-odyssey,6,51253742,"Fang, Dracai of Blades","Ira, Scarlet Revenger",1,71
battle-hardened-perth-2025-beyond-odyssey,6,64651483,"Ira, Scarlet Revenger","Fang, Dracai of Blades",0,71
battle-hardened-perth-2025-beyond-odyssey,6,35884794,Dorinthea Ironsong,"Arakni, 5L!p3d 7hRu 7h3 cR4X",1,72
battle-hardened-perth-2025-beyond-odyssey,6,68941746,"Arakni, 5L!p3d 7hRu 7h3 cR4X",Dorinthea Ironsong,0,72
battle-hardened-perth-2025-beyond-odyssey,6,91791322,"Fai, Rising Rebellion","Prism, Awakener of Sol",0,73
battle-hardened-perth-2025-beyond-odyssey,6,36618379,"Prism, Awakener of Sol","Fai, Rising Rebellion",1,73
battle-hardened-perth-2025-beyond-odyssey,6,22834677,"Valda, Seismic Impact","Gravy Bones, Shipwrecked Looter",1,74
battle-hardened-perth-2025-beyond-odyssey,6,53593961,"Gravy Bones, Shipwrecked Looter","Valda, Seismic Impact",0,74
battle-hardened-perth-2025-beyond-odyssey,6,16658933,Dorinthea Ironsong,"Ira, Scarlet Revenger",1,75
battle-hardened-perth-2025-beyond-odyssey,6,28864756,"Ira, Scarlet Revenger",Dorinthea Ironsong,0,75
battle-hardened-perth-2025-beyond-odyssey,6,12768988,"Prism, Awakener of Sol",Dorinthea Ironsong,0,76
battle-hardened-perth-2025-beyond-odyssey,6,69637783,Dorinthea Ironsong,"Prism, Awakener of Sol",1,76
battle-hardened-perth-2025-beyond-odyssey,6,74693164,"Rhinar, Reckless Rampage","Fang, Dracai of Blades",1,78
battle-hardened-perth-2025-beyond-odyssey,6,66815249,"Fang, Dracai of Blades","Rhinar, Reckless Rampage",0,78
battle-hardened-perth-2025-beyond-odyssey,6,88357994,"Florian, Rotwood Harbinger","Oscilio, Constella Intelligence",1,79
battle-hardened-perth-2025-beyond-odyssey,6,68724639,"Oscilio, Constella Intelligence","Florian, Rotwood Harbinger",0,79
battle-hardened-perth-2025-beyond-odyssey,6,54871472,"Prism, Awakener of Sol",Kassai of the Golden Sand,0,80
battle-hardened-perth-2025-beyond-odyssey,6,68784787,Kassai of the Golden Sand,"Prism, Awakener of Sol",1,80
battle-hardened-perth-2025-beyond-odyssey,6,69148916,"Verdance, Thorn of the Rose","Florian, Rotwood Harbinger",0,81
battle-hardened-perth-2025-beyond-odyssey,6,4444,"Florian, Rotwood Harbinger","Verdance, Thorn of the Rose",1,81
battle-hardened-perth-2025-beyond-odyssey,6,91565873,"Katsu, the Wanderer","Ira, Scarlet Revenger",0,82
battle-hardened-perth-2025-beyond-odyssey,6,45912564,"Ira, Scarlet Revenger","Katsu, the Wanderer",1,82
battle-hardened-perth-2025-beyond-odyssey,7,34935542,"Arakni, 5L!p3d 7hRu 7h3 cR4X","Prism, Awakener of Sol",1,71
battle-hardened-perth-2025-beyond-odyssey,7,47246556,"Prism, Awakener of Sol","Arakni, 5L!p3d 7hRu 7h3 cR4X",0,71
battle-hardened-perth-2025-beyond-odyssey,7,48776769,"Gravy Bones, Shipwrecked Looter","Prism, Awakener of Sol",1,72
battle-hardened-perth-2025-beyond-odyssey,7,25184487,"Prism, Awakener of Sol","Gravy Bones, Shipwrecked Looter",0,72
battle-hardened-perth-2025-beyond-odyssey,7,23737341,"Verdance, Thorn of the Rose","Prism, Awakener of Sol",0,73
battle-hardened-perth-2025-beyond-odyssey,7,53195898,"Prism, Awakener of Sol","Verdance, Thorn of the Rose",1,73
battle-hardened-perth-2025-beyond-odyssey,7,13299616,"Fang, Dracai of Blades","Verdance, Thorn of the Rose",0,74
battle-hardened-perth-2025-beyond-odyssey,7,95833681,"Verdance, Thorn of the Rose","Fang, Dracai of Blades",1,74
battle-hardened-perth-2025-beyond-odyssey,8,34935542,"Arakni, 5L!p3d 7hRu 7h3 cR4X","Gravy Bones, Shipwrecked Looter",0,81
battle-hardened-perth-2025-beyond-odyssey,8,48776769,"Gravy Bones, Shipwrecked Looter","Arakni, 5L!p3d 7hRu 7h3 cR4X",1,81
battle-hardened-perth-2025-beyond-odyssey,8,53195898,"Prism, Awakener of Sol","Verdance, Thorn of the Rose",1,82
battle-hardened-perth-2025-beyond-odyssey,8,95833681,"Verdance, Thorn of the Rose","Prism, Awakener of Sol",0,82
battle-hardened-perth-2025-beyond-odyssey,9,48776769,"Gravy Bones, Shipwrecked Looter","Prism, Awakener of Sol",0,91
battle-hardened-perth-2025-beyond-odyssey,9,53195898,"Prism, Awakener of Sol","Gravy Bones, Shipwrecked Looter",1,91
battle-hardened-lucerne-2025,1,52766714,"Ira, Scarlet Revenger",Dash I/O,0,11
battle-hardened-lucerne-2025,1,71386322,Dash I/O,"Ira, Scarlet Revenger",1,11
battle-hardened-lucerne-2025,1,78594864,"Arakni, 5L!p3d 7hRu 7h3 cR4X",Dash I/O,1,12
battle-hardened-lucerne-2025,1,96366313,Dash I/O,"Arakni, 5L!p3d 7hRu 7h3 cR4X",0,12
battle-hardened-lucerne-2025,1,46958411,Jarl Vetreiði,"Victor Goldmane, High and Mighty",1,13
battle-hardened-lucerne-2025,1,49385695,"Victor Goldmane, High and Mighty",Jarl Vetreiði,0,13
battle-hardened-lucerne-2025,1,57246191,"Gravy Bones, Shipwrecked Looter",Dash I/O,1,14
battle-hardened-lucerne-2025,1,27315962,Dash I/O,"Gravy Bones, Shipwrecked Looter",0,14
battle-hardened-lucerne-2025,1,72582567,"Riptide, Lurker of the Deep","Rhinar, Reckless Rampage",1,15
battle-hardened-lucerne-2025,1,45726979,"Rhinar, Reckless Rampage","Riptide, Lurker of the Deep",0,15
battle-hardened-lucerne-2025,1,69118899,"Verdance, Thorn of the Rose","Gravy Bones, Shipwrecked Looter",1,16
battle-hardened-lucerne-2025,1,93592527,"Gravy Bones, Shipwrecked Looter","Verdance, Thorn of the Rose",0,16
battle-hardened-lucerne-2025,1,38167858,"Oscilio, Constella Intelligence","Cindra, Dracai of Retribution",0,17
battle-hardened-lucerne-2025,1,53499814,"Cindra, Dracai of Retribution","Oscilio, Constella Intelligence",1,17
battle-hardened-lucerne-2025,1,13442316,"Victor Goldmane, High and Mighty","Florian, Rotwood Harbinger",1,18
battle-hardened-lucerne-2025,1,12231714,"Florian, Rotwood Harbinger","Victor Goldmane, High and Mighty",0,18
battle-hardened-lucerne-2025,1,82724311,Dorinthea Ironsong,"Oscilio, Constella Intelligence",0,19
battle-hardened-lucerne-2025,1,24189837,"Oscilio, Constella Intelligence",Dorinthea Ironsong,1,19
battle-hardened-lucerne-2025,1,84936665,"Gravy Bones, Shipwrecked Looter","Arakni, 5L!p3d 7hRu 7h3 cR4X",1,20
battle-hardened-lucerne-2025,1,89213328,"Arakni, 5L!p3d 7hRu 7h3 cR4X","Gravy Bones, Shipwrecked Looter",0,20
battle-hardened-lucerne-2025,1,49363777,"Florian, Rotwood Harbinger","Gravy Bones, Shipwrecked Looter",0,21
battle-hardened-lucerne-2025,1,37735196,"Gravy Bones, Shipwrecked Looter","Florian, Rotwood Harbinger",1,21
battle-hardened-lucerne-2025,1,19983265,"Ira, Scarlet Revenger","Cindra, Dracai of Retribution",0,22
battle-hardened-lucerne-2025,1,48574111,"Cindra, Dracai of Retribution","Ira, Scarlet Revenger",1,22
battle-hardened-lucerne-2025,1,55742422,"Gravy Bones, Shipwrecked Looter","Cindra, Dracai of Retribution",0,23
battle-hardened-lucerne-2025,1,39713346,"Cindra, Dracai of Retribution","Gravy Bones, Shipwrecked Looter",1,23
battle-hardened-lucerne-2025,1,26979662,"Cindra, Dracai of Retribution","Ira, Scarlet Revenger",1,24
battle-hardened-lucerne-2025,1,21558922,"Ira, Scarlet Revenger","Cindra, Dracai of Retribution",0,24
battle-hardened-lucerne-2025,1,89916114,Dash I/O,"Vynnset, Iron Maiden",1,25
battle-hardened-lucerne-2025,1,95374148,"Vynnset, Iron Maiden",Dash I/O,0,25
battle-hardened-lucerne-2025,1,78844547,"Oscilio, Constella Intelligence","Verdance, Thorn of the Rose",1,26
battle-hardened-lucerne-2025,1,99472431,"Verdance, Thorn of the Rose","Oscilio, Constella Intelligence",0,26
battle-hardened-lucerne-2025,1,63863144,"Riptide, Lurker of the Deep","Gravy Bones, Shipwrecked Looter",0,27
battle-hardened-lucerne-2025,1,64668954,"Gravy Bones, Shipwrecked Looter","Riptide, Lurker of the Deep",1,27
battle-hardened-lucerne-2025,1,67577456,"Marlynn, Treasure Hunter","Florian, Rotwood Harbinger",0,28
battle-hardened-lucerne-2025,1,92393911,"Florian, Rotwood Harbinger","Marlynn, Treasure Hunter",1,28
battle-hardened-lucerne-2025,1,89655991,"Verdance, Thorn of the Rose","Ira, Scarlet Revenger",1,29
battle-hardened-lucerne-2025,1,79887691,"Ira, Scarlet Revenger","Verdance, Thorn of the Rose",0,29
battle-hardened-lucerne-2025,1,13422343,"Cindra, Dracai of Retribution","Gravy Bones, Shipwrecked Looter",1,30
battle-hardened-lucerne-2025,1,86439962,"Gravy Bones, Shipwrecked Looter","Cindra, Dracai of Retribution",0,30
battle-hardened-lucerne-2025,1,28341586,"Bravo, Showstopper","Verdance, Thorn of the Rose",0,31
battle-hardened-lucerne-2025,1,76478639,"Verdance, Thorn of the Rose","Bravo, Showstopper",1,31
battle-hardened-lucerne-2025,1,57421669,"Florian, Rotwood Harbinger",Kassai of the Golden Sand,0,32
battle-hardened-lucerne-2025,1,56924861,Kassai of the Golden Sand,"Florian, Rotwood Harbinger",1,32
battle-hardened-lucerne-2025,1,38796132,"Arakni, Marionette","Kayo, Armed and Dangerous",0,33
battle-hardened-lucerne-2025,1,57877587,"Kayo, Armed and Dangerous","Arakni, Marionette",1,33
battle-hardened-lucerne-2025,1,72579217,"Oscilio, Constella Intelligence","Cindra, Dracai of Retribution",1,34
battle-hardened-lucerne-2025,1,48729449,"Cindra, Dracai of Retribution","Oscilio, Constella Intelligence",0,34
battle-hardened-lucerne-2025,1,10028,"Arakni, 5L!p3d 7hRu 7h3 cR4X","Vynnset, Iron Maiden",1,35
battle-hardened-lucerne-2025,1,87512175,"Vynnset, Iron Maiden","Arakni, 5L!p3d 7hRu 7h3 cR4X",0,35
battle-hardened-lucerne-2025,1,78195736,"Victor Goldmane, High and Mighty","Florian, Rotwood Harbinger",1,36
battle-hardened-lucerne-2025,1,97319431,"Florian, Rotwood Harbinger","Victor Goldmane, High and Mighty",0,36
battle-hardened-lucerne-2025,1,91622689,"Ira, Scarlet Revenger","Marlynn, Treasure Hunter",1,37
battle-hardened-lucerne-2025,1,73275396,"Marlynn, Treasure Hunter","Ira, Scarlet Revenger",0,37
battle-hardened-lucerne-2025,1,95774175,"Verdance, Thorn of the Rose","Cindra, Dracai of Retribution",1,38
battle-hardened-lucerne-2025,1,29735559,"Cindra, Dracai of Retribution","Verdance, Thorn of the Rose",0,38
battle-hardened-lucerne-2025,1,63277324,"Ira, Scarlet Revenger","Cindra, Dracai of Retribution",1,39
battle-hardened-lucerne-2025,1,54291163,"Cindra, Dracai of Retribution","Ira, Scarlet Revenger",0,39
battle-hardened-lucerne-2025,1,75431368,"Gravy Bones, Shipwrecked Looter","Arakni, 5L!p3d 7hRu 7h3 cR4X",1,40
battle-hardened-lucerne-2025,1,12916912,"Arakni, 5L!p3d 7hRu 7h3 cR4X","Gravy Bones, Shipwrecked Looter",0,40
battle-hardened-lucerne-2025,1,42177829,"Gravy Bones, Shipwrecked Looter",Jarl Vetreiði,0,41
battle-hardened-lucerne-2025,1,87743199,Jarl Vetreiði,"Gravy Bones, Shipwrecked Looter",1,41
battle-hardened-lucerne-2025,1,71735621,"Ira, Scarlet Revenger","Katsu, the Wanderer",1,42
battle-hardened-lucerne-2025,1,79251948,"Katsu, the Wanderer","Ira, Scarlet Revenger",0,42
battle-hardened-lucerne-2025,1,74352656,"Prism, Awakener of Sol","Cindra, Dracai of Retribution",1,43
battle-hardened-lucerne-2025,1,26165765,"Cindra, Dracai of Retribution","Prism, Awakener of Sol",0,43
battle-hardened-lucerne-2025,1,36382727,"Arakni, Marionette","Ira, Scarlet Revenger",1,44
battle-hardened-lucerne-2025,1,13957621,"Ira, Scarlet Revenger","Arakni, Marionette",0,44
battle-hardened-lucerne-2025,1,45158923,"Arakni, 5L!p3d 7hRu 7h3 cR4X","Verdance, Thorn of the Rose",0,45
battle-hardened-lucerne-2025,1,11125774,"Verdance, Thorn of the Rose","Arakni, 5L!p3d 7hRu 7h3 cR4X",1,45
battle-hardened-lucerne-2025,1,41632944,"Gravy Bones, Shipwrecked Looter","Arakni, 5L!p3d 7hRu 7h3 cR4X",1,46
battle-hardened-lucerne-2025,1,89652654,"Arakni, 5L!p3d 7hRu 7h3 cR4X","Gravy Bones, Shipwrecked Looter",0,46
battle-hardened-lucerne-2025,1,55996332,"Vynnset, Iron Maiden","Arakni, 5L!p3d 7hRu 7h3 cR4X",1,47
battle-hardened-lucerne-2025,1,13187531,"Arakni, 5L!p3d 7hRu 7h3 cR4X","Vynnset, Iron Maiden",0,47
battle-hardened-lucerne-2025,1,37922496,"Gravy Bones, Shipwrecked Looter",Dash I/O,1,48
battle-hardened-lucerne-2025,1,81214559,Dash I/O,"Gravy Bones, Shipwrecked Looter",0,48
battle-hardened-lucerne-2025,1,33493644,"Kayo, Armed and Dangerous","Gravy Bones, Shipwrecked Looter",1,49
battle-hardened-lucerne-2025,1,37873831,"Gravy Bones, Shipwrecked Looter","Kayo, Armed and Dangerous",0,49
battle-hardened-lucerne-2025,1,65273658,"Arakni, 5L!p3d 7hRu 7h3 cR4X",Dash I/O,1,50
battle-hardened-lucerne-2025,1,88641725,Dash I/O,"Arakni, 5L!p3d 7hRu 7h3 cR4X",0,50
battle-hardened-lucerne-2025,1,18135535,"Ira, Scarlet Revenger","Oscilio, Constella Intelligence",1,51
battle-hardened-lucerne-2025,1,44446213,"Oscilio, Constella Intelligence","Ira, Scarlet Revenger",0,51
battle-hardened-lucerne-2025,1,13564227,"Oscilio, Constella Intelligence","Gravy Bones, Shipwrecked Looter",0,52
battle-hardened-lucerne-2025,1,56775619,"Gravy Bones, Shipwrecked Looter","Oscilio, Constella Intelligence",1,52
battle-hardened-lucerne-2025,2,33493644,"Kayo, Armed and Dangerous","Riptide, Lurker of the Deep",0,21
battle-hardened-lucerne-2025,2,72582567,"Riptide, Lurker of the Deep","Kayo, Armed and Dangerous",1,21
battle-hardened-lucerne-2025,2,13442316,"Victor Goldmane, High and Mighty","Verdance, Thorn of the Rose",0,22
battle-hardened-lucerne-2025,2,95774175,"Verdance, Thorn of the Rose","Victor Goldmane, High and Mighty",1,22
battle-hardened-lucerne-2025,2,71386322,Dash I/O,"Oscilio, Constella Intelligence",1,23
battle-hardened-lucerne-2025,2,72579217,"Oscilio, Constella Intelligence",Dash I/O,0,23
battle-hardened-lucerne-2025,2,24189837,"Oscilio, Constella Intelligence","Florian, Rotwood Harbinger",0,24
battle-hardened-lucerne-2025,2,92393911,"Florian, Rotwood Harbinger","Oscilio, Constella Intelligence",1,24
battle-hardened-lucerne-2025,2,76478639,"Verdance, Thorn of the Rose","Ira, Scarlet Revenger",0,25
battle-hardened-lucerne-2025,2,18135535,"Ira, Scarlet Revenger","Verdance, Thorn of the Rose",1,25
battle-hardened-lucerne-2025,2,87743199,Jarl Vetreiði,"Gravy Bones, Shipwrecked Looter",0,26
battle-hardened-lucerne-2025,2,41632944,"Gravy Bones, Shipwrecked Looter",Jarl Vetreiði,1,26
battle-hardened-lucerne-2025,2,10028,"Arakni, 5L!p3d 7hRu 7h3 cR4X","Ira, Scarlet Revenger",1,27
battle-hardened-lucerne-2025,2,91622689,"Ira, Scarlet Revenger","Arakni, 5L!p3d 7hRu 7h3 cR4X",0,27
battle-hardened-lucerne-2025,2,13422343,"Cindra, Dracai of Retribution","Gravy Bones, Shipwrecked Looter",0,28
battle-hardened-lucerne-2025,2,57246191,"Gravy Bones, Shipwrecked Looter","Cindra, Dracai of Retribution",1,28
battle-hardened-lucerne-2025,2,89655991,"Verdance, Thorn of the Rose","Arakni, 5L!p3d 7hRu 7h3 cR4X",1,29
battle-hardened-lucerne-2025,2,78594864,"Arakni, 5L!p3d 7hRu 7h3 cR4X","Verdance, Thorn of the Rose",0,29
battle-hardened-lucerne-2025,2,36382727,"Arakni, Marionette","Cindra, Dracai of Retribution",0,30
battle-hardened-lucerne-2025,2,26979662,"Cindra, Dracai of Retribution","Arakni, Marionette",1,30
battle-hardened-lucerne-2025,2,57877587,"Kayo, Armed and Dangerous","Verdance, Thorn of the Rose",0,31
battle-hardened-lucerne-2025,2,69118899,"Verdance, Thorn of the Rose","Kayo, Armed and Dangerous",1,31
battle-hardened-lucerne-2025,2,89916114,Dash I/O,"Victor Goldmane, High and Mighty",0,32
battle-hardened-lucerne-2025,2,78195736,"Victor Goldmane, High and Mighty",Dash I/O,1,32
battle-hardened-lucerne-2025,2,56924861,Kassai of the Golden Sand,"Ira, Scarlet Revenger",1,33
battle-hardened-lucerne-2025,2,71735621,"Ira, Scarlet Revenger",Kassai of the Golden Sand,0,33
battle-hardened-lucerne-2025,2,64668954,"Gravy Bones, Shipwrecked Looter","Oscilio, Constella Intelligence",0,34
battle-hardened-lucerne-2025,2,78844547,"Oscilio, Constella Intelligence","Gravy Bones, Shipwrecked Looter",1,34
battle-hardened-lucerne-2025,2,75431368,"Gravy Bones, Shipwrecked Looter","Gravy Bones, Shipwrecked Looter",1,35
battle-hardened-lucerne-2025,2,37735196,"Gravy Bones, Shipwrecked Looter","Gravy Bones, Shipwrecked Looter",0,35
battle-hardened-lucerne-2025,2,37922496,"Gravy Bones, Shipwrecked Looter","Gravy Bones, Shipwrecked Looter",1,36
battle-hardened-lucerne-2025,2,56775619,"Gravy Bones, Shipwrecked Looter","Gravy Bones, Shipwrecked Looter",0,36
battle-hardened-lucerne-2025,2,39713346,"Cindra, Dracai of Retribution","Arakni, 5L!p3d 7hRu 7h3 cR4X",0,37
battle-hardened-lucerne-2025,2,65273658,"Arakni, 5L!p3d 7hRu 7h3 cR4X","Cindra, Dracai of Retribution",1,37
battle-hardened-lucerne-2025,2,84936665,"Gravy Bones, Shipwrecked Looter","Ira, Scarlet Revenger",0,38
battle-hardened-lucerne-2025,2,63277324,"Ira, Scarlet Revenger","Gravy Bones, Shipwrecked Looter",1,38
battle-hardened-lucerne-2025,2,48574111,"Cindra, Dracai of Retribution","Prism, Awakener of Sol",0,39
battle-hardened-lucerne-2025,2,74352656,"Prism, Awakener of Sol","Cindra, Dracai of Retribution",1,39
battle-hardened-lucerne-2025,2,55996332,"Vynnset, Iron Maiden",Jarl Vetreiði,0,40
battle-hardened-lucerne-2025,2,46958411,Jarl Vetreiði,"Vynnset, Iron Maiden",1,40
battle-hardened-lucerne-2025,2,53499814,"Cindra, Dracai of Retribution","Verdance, Thorn of the Rose",1,41
battle-hardened-lucerne-2025,2,11125774,"Verdance, Thorn of the Rose","Cindra, Dracai of Retribution",0,41
battle-hardened-lucerne-2025,2,81214559,Dash I/O,"Marlynn, Treasure Hunter",1,42
battle-hardened-lucerne-2025,2,67577456,"Marlynn, Treasure Hunter",Dash I/O,0,42
battle-hardened-lucerne-2025,2,57421669,"Florian, Rotwood Harbinger","Victor Goldmane, High and Mighty",1,43
battle-hardened-lucerne-2025,2,49385695,"Victor Goldmane, High and Mighty","Florian, Rotwood Harbinger",0,43
battle-hardened-lucerne-2025,2,21558922,"Ira, Scarlet Revenger","Cindra, Dracai of Retribution",1,44
battle-hardened-lucerne-2025,2,26165765,"Cindra, Dracai of Retribution","Ira, Scarlet Revenger",0,44
battle-hardened-lucerne-2025,2,13564227,"Oscilio, Constella Intelligence","Cindra, Dracai of Retribution",1,45
battle-hardened-lucerne-2025,2,29735559,"Cindra, Dracai of Retribution","Oscilio, Constella Intelligence",0,45
battle-hardened-lucerne-2025,2,79887691,"Ira, Scarlet Revenger","Riptide, Lurker of the Deep",1,46
battle-hardened-lucerne-2025,2,63863144,"Riptide, Lurker of the Deep","Ira, Scarlet Revenger",0,46
battle-hardened-lucerne-2025,2,96366313,Dash I/O,"Florian, Rotwood Harbinger",0,47
battle-hardened-lucerne-2025,2,97319431,"Florian, Rotwood Harbinger",Dash I/O,1,47
battle-hardened-lucerne-2025,2,38167858,"Oscilio, Constella Intelligence","Arakni, Marionette",1,48
battle-hardened-lucerne-2025,2,38796132,"Arakni, Marionette","Oscilio, Constella Intelligence",0,48
battle-hardened-lucerne-2025,2,45158923,"Arakni, 5L!p3d 7hRu 7h3 cR4X","Florian, Rotwood Harbinger",1,49
battle-hardened-lucerne-2025,2,12231714,"Florian, Rotwood Harbinger","Arakni, 5L!p3d 7hRu 7h3 cR4X",0,49
battle-hardened-lucerne-2025,2,55742422,"Gravy Bones, Shipwrecked Looter","Ira, Scarlet Revenger",1,50
battle-hardened-lucerne-2025,2,13957621,"Ira, Scarlet Revenger","Gravy Bones, Shipwrecked Looter",0,50
battle-hardened-lucerne-2025,2,89213328,"Arakni, 5L!p3d 7hRu 7h3 cR4X","Arakni, 5L!p3d 7hRu 7h3 cR4X",0,51
battle-hardened-lucerne-2025,2,12916912,"Arakni, 5L!p3d 7hRu 7h3 cR4X","Arakni, 5L!p3d 7hRu 7h3 cR4X",1,51
battle-hardened-lucerne-2025,2,44446213,"Oscilio, Constella Intelligence","Ira, Scarlet Revenger",0,52
battle-hardened-lucerne-2025,2,52766714,"Ira, Scarlet Revenger","Oscilio, Constella Intelligence",1,52
battle-hardened-lucerne-2025,2,79251948,"Katsu, the Wanderer","Vynnset, Iron Maiden",0,53
battle-hardened-lucerne-2025,2,95374148,"Vynnset, Iron Maiden","Katsu, the Wanderer",1,53
battle-hardened-lucerne-2025,2,88641725,Dash I/O,"Gravy Bones, Shipwrecked Looter",0,54
battle-hardened-lucerne-2025,2,93592527,"Gravy Bones, Shipwrecked Looter",Dash I/O,1,54
battle-hardened-lucerne-2025,2,37873831,"Gravy Bones, Shipwrecked Looter","Gravy Bones, Shipwrecked Looter",1,55
battle-hardened-lucerne-2025,2,42177829,"Gravy Bones, Shipwrecked Looter","Gravy Bones, Shipwrecked Looter",0,55
battle-hardened-lucerne-2025,2,99472431,"Verdance, Thorn of the Rose","Ira, Scarlet Revenger",1,56
battle-hardened-lucerne-2025,2,19983265,"Ira, Scarlet Revenger","Verdance, Thorn of the Rose",0,56
battle-hardened-lucerne-2025,2,49363777,"Florian, Rotwood Harbinger","Arakni, 5L!p3d 7hRu 7h3 cR4X",1,57
battle-hardened-lucerne-2025,2,13187531,"Arakni, 5L!p3d 7hRu 7h3 cR4X","Florian, Rotwood Harbinger",0,57
battle-hardened-lucerne-2025,2,86439962,"Gravy Bones, Shipwrecked Looter",Dash I/O,0,58
battle-hardened-lucerne-2025,2,27315962,Dash I/O,"Gravy Bones, Shipwrecked Looter",1,58
battle-hardened-lucerne-2025,2,48729449,"Cindra, Dracai of Retribution","Marlynn, Treasure Hunter",1,59
battle-hardened-lucerne-2025,2,73275396,"Marlynn, Treasure Hunter","Cindra, Dracai of Retribution",0,59
battle-hardened-lucerne-2025,2,54291163,"Cindra, Dracai of Retribution","Rhinar, Reckless Rampage",0,60
battle-hardened-lucerne-2025,2,45726979,"Rhinar, Reckless Rampage","Cindra, Dracai of Retribution",1,60
battle-hardened-lucerne-2025,2,87512175,"Vynnset, Iron Maiden",Dorinthea Ironsong,1,61
battle-hardened-lucerne-2025,2,82724311,Dorinthea Ironsong,"Vynnset, Iron Maiden",0,61
battle-hardened-lucerne-2025,2,28341586,"Bravo, Showstopper","Arakni, 5L!p3d 7hRu 7h3 cR4X",0,62
battle-hardened-lucerne-2025,2,89652654,"Arakni, 5L!p3d 7hRu 7h3 cR4X","Bravo, Showstopper",1,62
battle-hardened-lucerne-2025,3,69118899,"Verdance, Thorn of the Rose","Riptide, Lurker of the Deep",0,31
battle-hardened-lucerne-2025,3,72582567,"Riptide, Lurker of the Deep","Verdance, Thorn of the Rose",1,31
battle-hardened-lucerne-2025,3,78195736,"Victor Goldmane, High and Mighty","Cindra, Dracai of Retribution",1,32
battle-hardened-lucerne-2025,3,26979662,"Cindra, Dracai of Retribution","Victor Goldmane, High and Mighty",0,32
battle-hardened-lucerne-2025,3,37922496,"Gravy Bones, Shipwrecked Looter","Prism, Awakener of Sol",0,33
battle-hardened-lucerne-2025,3,74352656,"Prism, Awakener of Sol","Gravy Bones, Shipwrecked Looter",1,33
battle-hardened-lucerne-2025,3,78844547,"Oscilio, Constella Intelligence","Arakni, 5L!p3d 7hRu 7h3 cR4X",0,34
battle-hardened-lucerne-2025,3,65273658,"Arakni, 5L!p3d 7hRu 7h3 cR4X","Oscilio, Constella Intelligence",1,34
battle-hardened-lucerne-2025,3,53499814,"Cindra, Dracai of Retribution","Ira, Scarlet Revenger",1,35
battle-hardened-lucerne-2025,3,63277324,"Ira, Scarlet Revenger","Cindra, Dracai of Retribution",0,35
battle-hardened-lucerne-2025,3,89655991,"Verdance, Thorn of the Rose",Kassai of the Golden Sand,0,36
battle-hardened-lucerne-2025,3,56924861,Kassai of the Golden Sand,"Verdance, Thorn of the Rose",1,36
battle-hardened-lucerne-2025,3,75431368,"Gravy Bones, Shipwrecked Looter","Gravy Bones, Shipwrecked Looter",0,37
battle-hardened-lucerne-2025,3,41632944,"Gravy Bones, Shipwrecked Looter","Gravy Bones, Shipwrecked Looter",1,37
battle-hardened-lucerne-2025,3,57246191,"Gravy Bones, Shipwrecked Looter",Dash I/O,0,38
battle-hardened-lucerne-2025,3,71386322,Dash I/O,"Gravy Bones, Shipwrecked Looter",1,38
battle-hardened-lucerne-2025,3,10028,"Arakni, 5L!p3d 7hRu 7h3 cR4X","Rhinar, Reckless Rampage",1,39
battle-hardened-lucerne-2025,3,45726979,"Rhinar, Reckless Rampage","Arakni, 5L!p3d 7hRu 7h3 cR4X",0,39
battle-hardened-lucerne-2025,3,95774175,"Verdance, Thorn of the Rose",Jarl Vetreiði,1,40
battle-hardened-lucerne-2025,3,46958411,Jarl Vetreiði,"Verdance, Thorn of the Rose",0,40
battle-hardened-lucerne-2025,3,18135535,"Ira, Scarlet Revenger","Florian, Rotwood Harbinger",0,41
battle-hardened-lucerne-2025,3,92393911,"Florian, Rotwood Harbinger","Ira, Scarlet Revenger",1,41
battle-hardened-lucerne-2025,3,11125774,"Verdance, Thorn of the Rose","Ira, Scarlet Revenger",1,42
battle-hardened-lucerne-2025,3,91622689,"Ira, Scarlet Revenger","Verdance, Thorn of the Rose",0,42
battle-hardened-lucerne-2025,3,37735196,"Gravy Bones, Shipwrecked Looter","Ira, Scarlet Revenger",0,43
battle-hardened-lucerne-2025,3,52766714,"Ira, Scarlet Revenger","Gravy Bones, Shipwrecked Looter",1,43
battle-hardened-lucerne-2025,3,33493644,"Kayo, Armed and Dangerous","Arakni, 5L!p3d 7hRu 7h3 cR4X",1,44
battle-hardened-lucerne-2025,3,12916912,"Arakni, 5L!p3d 7hRu 7h3 cR4X","Kayo, Armed and Dangerous",0,44
battle-hardened-lucerne-2025,3,72579217,"Oscilio, Constella Intelligence","Ira, Scarlet Revenger",1,45
battle-hardened-lucerne-2025,3,21558922,"Ira, Scarlet Revenger","Oscilio, Constella Intelligence",0,45
battle-hardened-lucerne-2025,3,56775619,"Gravy Bones, Shipwrecked Looter","Florian, Rotwood Harbinger",0,46
battle-hardened-lucerne-2025,3,57421669,"Florian, Rotwood Harbinger","Gravy Bones, Shipwrecked Looter",1,46
battle-hardened-lucerne-2025,3,89916114,Dash I/O,"Cindra, Dracai of Retribution",1,47
battle-hardened-lucerne-2025,3,48574111,"Cindra, Dracai of Retribution",Dash I/O,0,47
battle-hardened-lucerne-2025,3,39713346,"Cindra, Dracai of Retribution","Ira, Scarlet Revenger",0,48
battle-hardened-lucerne-2025,3,71735621,"Ira, Scarlet Revenger","Cindra, Dracai of Retribution",1,48
battle-hardened-lucerne-2025,3,78594864,"Arakni, 5L!p3d 7hRu 7h3 cR4X","Cindra, Dracai of Retribution",1,49
battle-hardened-lucerne-2025,3,13422343,"Cindra, Dracai of Retribution","Arakni, 5L!p3d 7hRu 7h3 cR4X",0,49
battle-hardened-lucerne-2025,3,57877587,"Kayo, Armed and Dangerous","Gravy Bones, Shipwrecked Looter",0,50
battle-hardened-lucerne-2025,3,55742422,"Gravy Bones, Shipwrecked Looter","Kayo, Armed and Dangerous",1,50
battle-hardened-lucerne-2025,3,13442316,"Victor Goldmane, High and Mighty","Arakni, 5L!p3d 7hRu 7h3 cR4X",0,51
battle-hardened-lucerne-2025,3,89652654,"Arakni, 5L!p3d 7hRu 7h3 cR4X","Victor Goldmane, High and Mighty",1,51
battle-hardened-lucerne-2025,3,84936665,"Gravy Bones, Shipwrecked Looter","Vynnset, Iron Maiden",1,52
battle-hardened-lucerne-2025,3,95374148,"Vynnset, Iron Maiden","Gravy Bones, Shipwrecked Looter",0,52
battle-hardened-lucerne-2025,3,76478639,"Verdance, Thorn of the Rose","Cindra, Dracai of Retribution",1,53
battle-hardened-lucerne-2025,3,48729449,"Cindra, Dracai of Retribution","Verdance, Thorn of the Rose",0,53
battle-hardened-lucerne-2025,3,36382727,"Arakni, Marionette","Oscilio, Constella Intelligence",0,54
battle-hardened-lucerne-2025,3,13564227,"Oscilio, Constella Intelligence","Arakni, Marionette",1,54
battle-hardened-lucerne-2025,3,24189837,"Oscilio, Constella Intelligence","Arakni, 5L!p3d 7hRu 7h3 cR4X",1,55
battle-hardened-lucerne-2025,3,45158923,"Arakni, 5L!p3d 7hRu 7h3 cR4X","Oscilio, Constella Intelligence",0,55
battle-hardened-lucerne-2025,3,55996332,"Vynnset, Iron Maiden","Gravy Bones, Shipwrecked Looter",1,56
battle-hardened-lucerne-2025,3,93592527,"Gravy Bones, Shipwrecked Looter","Vynnset, Iron Maiden",0,56
battle-hardened-lucerne-2025,3,64668954,"Gravy Bones, Shipwrecked Looter",Dash I/O,0,57
battle-hardened-lucerne-2025,3,27315962,Dash I/O,"Gravy Bones, Shipwrecked Looter",1,57
battle-hardened-lucerne-2025,3,87743199,Jarl Vetreiði,"Vynnset, Iron Maiden",1,58
battle-hardened-lucerne-2025,3,87512175,"Vynnset, Iron Maiden",Jarl Vetreiði,0,58
battle-hardened-lucerne-2025,3,79887691,"Ira, Scarlet Revenger","Verdance, Thorn of the Rose",1,59
battle-hardened-lucerne-2025,3,99472431,"Verdance, Thorn of the Rose","Ira, Scarlet Revenger",0,59
battle-hardened-lucerne-2025,3,81214559,Dash I/O,"Florian, Rotwood Harbinger",0,60
battle-hardened-lucerne-2025,3,49363777,"Florian, Rotwood Harbinger",Dash I/O,1,60
battle-hardened-lucerne-2025,3,97319431,"Florian, Rotwood Harbinger","Oscilio, Constella Intelligence",0,61
battle-hardened-lucerne-2025,3,38167858,"Oscilio, Constella Intelligence","Florian, Rotwood Harbinger",1,61
battle-hardened-lucerne-2025,3,37873831,"Gravy Bones, Shipwrecked Looter","Marlynn, Treasure Hunter",1,62
battle-hardened-lucerne-2025,3,73275396,"Marlynn, Treasure Hunter","Gravy Bones, Shipwrecked Looter",0,62
battle-hardened-lucerne-2025,3,67577456,"Marlynn, Treasure Hunter","Cindra, Dracai of Retribution",0,63
battle-hardened-lucerne-2025,3,54291163,"Cindra, Dracai of Retribution","Marlynn, Treasure Hunter",1,63
battle-hardened-lucerne-2025,3,88641725,Dash I/O,"Arakni, 5L!p3d 7hRu 7h3 cR4X",0,64
battle-hardened-lucerne-2025,3,13187531,"Arakni, 5L!p3d 7hRu 7h3 cR4X",Dash I/O,1,64
battle-hardened-lucerne-2025,3,44446213,"Oscilio, Constella Intelligence","Cindra, Dracai of Retribution",0,65
battle-hardened-lucerne-2025,3,29735559,"Cindra, Dracai of Retribution","Oscilio, Constella Intelligence",1,65
battle-hardened-lucerne-2025,3,49385695,"Victor Goldmane, High and Mighty","Gravy Bones, Shipwrecked Looter",0,66
battle-hardened-lucerne-2025,3,86439962,"Gravy Bones, Shipwrecked Looter","Victor Goldmane, High and Mighty",1,66
battle-hardened-lucerne-2025,3,26165765,"Cindra, Dracai of Retribution","Arakni, 5L!p3d 7hRu 7h3 cR4X",0,67
battle-hardened-lucerne-2025,3,89213328,"Arakni, 5L!p3d 7hRu 7h3 cR4X","Cindra, Dracai of Retribution",1,67
battle-hardened-lucerne-2025,3,19983265,"Ira, Scarlet Revenger","Ira, Scarlet Revenger",1,68
battle-hardened-lucerne-2025,3,13957621,"Ira, Scarlet Revenger","Ira, Scarlet Revenger",0,68
battle-hardened-lucerne-2025,3,63863144,"Riptide, Lurker of the Deep",Dash I/O,0,69
battle-hardened-lucerne-2025,3,96366313,Dash I/O,"Riptide, Lurker of the Deep",1,69
battle-hardened-lucerne-2025,3,79251948,"Katsu, the Wanderer","Arakni, Marionette",0,70
battle-hardened-lucerne-2025,3,38796132,"Arakni, Marionette","Katsu, the Wanderer",1,70
battle-hardened-lucerne-2025,3,42177829,"Gravy Bones, Shipwrecked Looter","Florian, Rotwood Harbinger",1,71
battle-hardened-lucerne-2025,3,12231714,"Florian, Rotwood Harbinger","Gravy Bones, Shipwrecked Looter",0,71
battle-hardened-lucerne-2025,3,82724311,Dorinthea Ironsong,"Bravo, Showstopper",1,72
battle-hardened-lucerne-2025,3,28341586,"Bravo, Showstopper",Dorinthea Ironsong,0,72
battle-hardened-lucerne-2025,4,41632944,"Gravy Bones, Shipwrecked Looter",Dash I/O,0,41
battle-hardened-lucerne-2025,4,71386322,Dash I/O,"Gravy Bones, Shipwrecked Looter",1,41
battle-hardened-lucerne-2025,4,56924861,Kassai of the Golden Sand,"Verdance, Thorn of the Rose",0,42
battle-hardened-lucerne-2025,4,95774175,"Verdance, Thorn of the Rose",Kassai of the Golden Sand,1,42
battle-hardened-lucerne-2025,4,53499814,"Cindra, Dracai of Retribution","Arakni, 5L!p3d 7hRu 7h3 cR4X",0,43
battle-hardened-lucerne-2025,4,10028,"Arakni, 5L!p3d 7hRu 7h3 cR4X","Cindra, Dracai of Retribution",1,43
battle-hardened-lucerne-2025,4,78195736,"Victor Goldmane, High and Mighty","Florian, Rotwood Harbinger",1,44
battle-hardened-lucerne-2025,4,92393911,"Florian, Rotwood Harbinger","Victor Goldmane, High and Mighty",0,44
battle-hardened-lucerne-2025,4,72582567,"Riptide, Lurker of the Deep","Arakni, 5L!p3d 7hRu 7h3 cR4X",0,45
battle-hardened-lucerne-2025,4,65273658,"Arakni, 5L!p3d 7hRu 7h3 cR4X","Riptide, Lurker of the Deep",1,45
battle-hardened-lucerne-2025,4,74352656,"Prism, Awakener of Sol","Gravy Bones, Shipwrecked Looter",0,46
battle-hardened-lucerne-2025,4,57246191,"Gravy Bones, Shipwrecked Looter","Prism, Awakener of Sol",1,46
battle-hardened-lucerne-2025,4,89655991,"Verdance, Thorn of the Rose",Dash I/O,1,47
battle-hardened-lucerne-2025,4,89916114,Dash I/O,"Verdance, Thorn of the Rose",0,47
battle-hardened-lucerne-2025,4,63277324,"Ira, Scarlet Revenger","Verdance, Thorn of the Rose",0,48
battle-hardened-lucerne-2025,4,69118899,"Verdance, Thorn of the Rose","Ira, Scarlet Revenger",1,48
battle-hardened-lucerne-2025,4,37922496,"Gravy Bones, Shipwrecked Looter","Oscilio, Constella Intelligence",0,49
battle-hardened-lucerne-2025,4,24189837,"Oscilio, Constella Intelligence","Gravy Bones, Shipwrecked Looter",1,49
battle-hardened-lucerne-2025,4,75431368,"Gravy Bones, Shipwrecked Looter","Cindra, Dracai of Retribution",0,50
battle-hardened-lucerne-2025,4,26979662,"Cindra, Dracai of Retribution","Gravy Bones, Shipwrecked Looter",1,50
battle-hardened-lucerne-2025,4,78844547,"Oscilio, Constella Intelligence","Ira, Scarlet Revenger",1,51
battle-hardened-lucerne-2025,4,18135535,"Ira, Scarlet Revenger","Oscilio, Constella Intelligence",0,51
battle-hardened-lucerne-2025,4,46958411,Jarl Vetreiði,"Gravy Bones, Shipwrecked Looter",0,52
battle-hardened-lucerne-2025,4,37873831,"Gravy Bones, Shipwrecked Looter",Jarl Vetreiði,1,52
battle-hardened-lucerne-2025,4,33493644,"Kayo, Armed and Dangerous","Verdance, Thorn of the Rose",0,53
battle-hardened-lucerne-2025,4,76478639,"Verdance, Thorn of the Rose","Kayo, Armed and Dangerous",1,53
battle-hardened-lucerne-2025,4,11125774,"Verdance, Thorn of the Rose","Oscilio, Constella Intelligence",1,54
battle-hardened-lucerne-2025,4,72579217,"Oscilio, Constella Intelligence","Verdance, Thorn of the Rose",0,54
battle-hardened-lucerne-2025,4,87743199,Jarl Vetreiði,"Arakni, 5L!p3d 7hRu 7h3 cR4X",1,55
battle-hardened-lucerne-2025,4,78594864,"Arakni, 5L!p3d 7hRu 7h3 cR4X",Jarl Vetreiði,0,55
battle-hardened-lucerne-2025,4,71735621,"Ira, Scarlet Revenger","Florian, Rotwood Harbinger",0,56
battle-hardened-lucerne-2025,4,49363777,"Florian, Rotwood Harbinger","Ira, Scarlet Revenger",1,56
battle-hardened-lucerne-2025,4,55996332,"Vynnset, Iron Maiden","Florian, Rotwood Harbinger",0,57
battle-hardened-lucerne-2025,4,57421669,"Florian, Rotwood Harbinger","Vynnset, Iron Maiden",1,57
battle-hardened-lucerne-2025,4,84936665,"Gravy Bones, Shipwrecked Looter","Arakni, 5L!p3d 7hRu 7h3 cR4X",1,58
battle-hardened-lucerne-2025,4,89652654,"Arakni, 5L!p3d 7hRu 7h3 cR4X","Gravy Bones, Shipwrecked Looter",0,58
battle-hardened-lucerne-2025,4,38167858,"Oscilio, Constella Intelligence",Dash I/O,0,59
battle-hardened-lucerne-2025,4,27315962,Dash I/O,"Oscilio, Constella Intelligence",1,59
battle-hardened-lucerne-2025,4,52766714,"Ira, Scarlet Revenger","Ira, Scarlet Revenger",0,60
battle-hardened-lucerne-2025,4,79887691,"Ira, Scarlet Revenger","Ira, Scarlet Revenger",1,60
battle-hardened-lucerne-2025,4,13564227,"Oscilio, Constella Intelligence","Gravy Bones, Shipwrecked Looter",1,61
battle-hardened-lucerne-2025,4,55742422,"Gravy Bones, Shipwrecked Looter","Oscilio, Constella Intelligence",0,61
battle-hardened-lucerne-2025,4,39713346,"Cindra, Dracai of Retribution","Gravy Bones, Shipwrecked Looter",1,62
battle-hardened-lucerne-2025,4,86439962,"Gravy Bones, Shipwrecked Looter","Cindra, Dracai of Retribution",0,62
battle-hardened-lucerne-2025,4,56775619,"Gravy Bones, Shipwrecked Looter","Victor Goldmane, High and Mighty",0,63
battle-hardened-lucerne-2025,4,13442316,"Victor Goldmane, High and Mighty","Gravy Bones, Shipwrecked Looter",0,63
battle-hardened-lucerne-2025,4,48574111,"Cindra, Dracai of Retribution","Kayo, Armed and Dangerous",0,64
battle-hardened-lucerne-2025,4,57877587,"Kayo, Armed and Dangerous","Cindra, Dracai of Retribution",1,64
battle-hardened-lucerne-2025,4,13422343,"Cindra, Dracai of Retribution","Arakni, 5L!p3d 7hRu 7h3 cR4X",0,65
battle-hardened-lucerne-2025,4,45158923,"Arakni, 5L!p3d 7hRu 7h3 cR4X","Cindra, Dracai of Retribution",1,65
battle-hardened-lucerne-2025,4,64668954,"Gravy Bones, Shipwrecked Looter","Arakni, Marionette",1,66
battle-hardened-lucerne-2025,4,36382727,"Arakni, Marionette","Gravy Bones, Shipwrecked Looter",0,66
battle-hardened-lucerne-2025,4,45726979,"Rhinar, Reckless Rampage","Verdance, Thorn of the Rose",0,67
battle-hardened-lucerne-2025,4,99472431,"Verdance, Thorn of the Rose","Rhinar, Reckless Rampage",1,67
battle-hardened-lucerne-2025,4,87512175,"Vynnset, Iron Maiden","Ira, Scarlet Revenger",0,68
battle-hardened-lucerne-2025,4,19983265,"Ira, Scarlet Revenger","Vynnset, Iron Maiden",1,68
battle-hardened-lucerne-2025,4,97319431,"Florian, Rotwood Harbinger","Cindra, Dracai of Retribution",0,69
battle-hardened-lucerne-2025,4,48729449,"Cindra, Dracai of Retribution","Florian, Rotwood Harbinger",1,69
battle-hardened-lucerne-2025,4,12916912,"Arakni, 5L!p3d 7hRu 7h3 cR4X","Arakni, Marionette",0,70
battle-hardened-lucerne-2025,4,38796132,"Arakni, Marionette","Arakni, 5L!p3d 7hRu 7h3 cR4X",1,70
battle-hardened-lucerne-2025,4,21558922,"Ira, Scarlet Revenger","Cindra, Dracai of Retribution",1,71
battle-hardened-lucerne-2025,4,29735559,"Cindra, Dracai of Retribution","Ira, Scarlet Revenger",0,71
battle-hardened-lucerne-2025,4,93592527,"Gravy Bones, Shipwrecked Looter","Gravy Bones, Shipwrecked Looter",0,72
battle-hardened-lucerne-2025,4,42177829,"Gravy Bones, Shipwrecked Looter","Gravy Bones, Shipwrecked Looter",1,72
battle-hardened-lucerne-2025,4,81214559,Dash I/O,"Arakni, 5L!p3d 7hRu 7h3 cR4X",0,73
battle-hardened-lucerne-2025,4,89213328,"Arakni, 5L!p3d 7hRu 7h3 cR4X",Dash I/O,1,73
battle-hardened-lucerne-2025,4,95374148,"Vynnset, Iron Maiden","Arakni, 5L!p3d 7hRu 7h3 cR4X",1,74
battle-hardened-lucerne-2025,4,13187531,"Arakni, 5L!p3d 7hRu 7h3 cR4X","Vynnset, Iron Maiden",0,74
battle-hardened-lucerne-2025,4,54291163,"Cindra, Dracai of Retribution","Oscilio, Constella Intelligence",1,75
battle-hardened-lucerne-2025,4,44446213,"Oscilio, Constella Intelligence","Cindra, Dracai of Retribution",0,75
battle-hardened-lucerne-2025,4,82724311,Dorinthea Ironsong,Dash I/O,0,76
battle-hardened-lucerne-2025,4,96366313,Dash I/O,Dorinthea Ironsong,1,76
battle-hardened-lucerne-2025,4,49385695,"Victor Goldmane, High and Mighty","Marlynn, Treasure Hunter",1,77
battle-hardened-lucerne-2025,4,73275396,"Marlynn, Treasure Hunter","Victor Goldmane, High and Mighty",0,77
battle-hardened-lucerne-2025,4,88641725,Dash I/O,"Riptide, Lurker of the Deep",1,78
battle-hardened-lucerne-2025,4,63863144,"Riptide, Lurker of the Deep",Dash I/O,0,78
battle-hardened-lucerne-2025,4,26165765,"Cindra, Dracai of Retribution","Marlynn, Treasure Hunter",1,79
battle-hardened-lucerne-2025,4,67577456,"Marlynn, Treasure Hunter","Cindra, Dracai of Retribution",0,79
battle-hardened-lucerne-2025,5,71386322,Dash I/O,"Arakni, 5L!p3d 7hRu 7h3 cR4X",0,51
battle-hardened-lucerne-2025,5,65273658,"Arakni, 5L!p3d 7hRu 7h3 cR4X",Dash I/O,1,51
battle-hardened-lucerne-2025,5,78195736,"Victor Goldmane, High and Mighty","Arakni, 5L!p3d 7hRu 7h3 cR4X",0,52
battle-hardened-lucerne-2025,5,10028,"Arakni, 5L!p3d 7hRu 7h3 cR4X","Victor Goldmane, High and Mighty",1,52
battle-hardened-lucerne-2025,5,95774175,"Verdance, Thorn of the Rose","Riptide, Lurker of the Deep",1,53
battle-hardened-lucerne-2025,5,72582567,"Riptide, Lurker of the Deep","Verdance, Thorn of the Rose",0,53
battle-hardened-lucerne-2025,5,56924861,Kassai of the Golden Sand,"Florian, Rotwood Harbinger",1,54
battle-hardened-lucerne-2025,5,49363777,"Florian, Rotwood Harbinger",Kassai of the Golden Sand,0,54
battle-hardened-lucerne-2025,5,41632944,"Gravy Bones, Shipwrecked Looter","Verdance, Thorn of the Rose",1,55
battle-hardened-lucerne-2025,5,89655991,"Verdance, Thorn of the Rose","Gravy Bones, Shipwrecked Looter",0,55
battle-hardened-lucerne-2025,5,53499814,"Cindra, Dracai of Retribution","Gravy Bones, Shipwrecked Looter",0,56
battle-hardened-lucerne-2025,5,57246191,"Gravy Bones, Shipwrecked Looter","Cindra, Dracai of Retribution",1,56
battle-hardened-lucerne-2025,5,92393911,"Florian, Rotwood Harbinger","Verdance, Thorn of the Rose",0,57
battle-hardened-lucerne-2025,5,11125774,"Verdance, Thorn of the Rose","Florian, Rotwood Harbinger",1,57
battle-hardened-lucerne-2025,5,74352656,"Prism, Awakener of Sol",Dash I/O,0,58
battle-hardened-lucerne-2025,5,27315962,Dash I/O,"Prism, Awakener of Sol",1,58
battle-hardened-lucerne-2025,5,78844547,"Oscilio, Constella Intelligence","Oscilio, Constella Intelligence",1,59
battle-hardened-lucerne-2025,5,24189837,"Oscilio, Constella Intelligence","Oscilio, Constella Intelligence",0,59
battle-hardened-lucerne-2025,5,26979662,"Cindra, Dracai of Retribution",Jarl Vetreiði,0,60
battle-hardened-lucerne-2025,5,87743199,Jarl Vetreiði,"Cindra, Dracai of Retribution",1,60
battle-hardened-lucerne-2025,5,69118899,"Verdance, Thorn of the Rose","Gravy Bones, Shipwrecked Looter",1,61
battle-hardened-lucerne-2025,5,84936665,"Gravy Bones, Shipwrecked Looter","Verdance, Thorn of the Rose",0,61
battle-hardened-lucerne-2025,5,76478639,"Verdance, Thorn of the Rose","Gravy Bones, Shipwrecked Looter",0,62
battle-hardened-lucerne-2025,5,37873831,"Gravy Bones, Shipwrecked Looter","Verdance, Thorn of the Rose",1,62
battle-hardened-lucerne-2025,5,57421669,"Florian, Rotwood Harbinger","Ira, Scarlet Revenger",0,63
battle-hardened-lucerne-2025,5,79887691,"Ira, Scarlet Revenger","Florian, Rotwood Harbinger",1,63
battle-hardened-lucerne-2025,5,13564227,"Oscilio, Constella Intelligence","Arakni, 5L!p3d 7hRu 7h3 cR4X",1,64
battle-hardened-lucerne-2025,5,89652654,"Arakni, 5L!p3d 7hRu 7h3 cR4X","Oscilio, Constella Intelligence",0,64
battle-hardened-lucerne-2025,5,63277324,"Ira, Scarlet Revenger","Arakni, 5L!p3d 7hRu 7h3 cR4X",0,65
battle-hardened-lucerne-2025,5,45158923,"Arakni, 5L!p3d 7hRu 7h3 cR4X","Ira, Scarlet Revenger",1,65
battle-hardened-lucerne-2025,5,46958411,Jarl Vetreiði,"Cindra, Dracai of Retribution",1,66
battle-hardened-lucerne-2025,5,39713346,"Cindra, Dracai of Retribution",Jarl Vetreiði,0,66
battle-hardened-lucerne-2025,5,18135535,"Ira, Scarlet Revenger","Ira, Scarlet Revenger",1,67
battle-hardened-lucerne-2025,5,19983265,"Ira, Scarlet Revenger","Ira, Scarlet Revenger",0,67
battle-hardened-lucerne-2025,5,37922496,"Gravy Bones, Shipwrecked Looter","Vynnset, Iron Maiden",0,68
battle-hardened-lucerne-2025,5,55996332,"Vynnset, Iron Maiden","Gravy Bones, Shipwrecked Looter",1,68
battle-hardened-lucerne-2025,5,75431368,"Gravy Bones, Shipwrecked Looter","Gravy Bones, Shipwrecked Looter",1,69
battle-hardened-lucerne-2025,5,55742422,"Gravy Bones, Shipwrecked Looter","Gravy Bones, Shipwrecked Looter",0,69
battle-hardened-lucerne-2025,5,72579217,"Oscilio, Constella Intelligence","Cindra, Dracai of Retribution",1,70
battle-hardened-lucerne-2025,5,54291163,"Cindra, Dracai of Retribution","Oscilio, Constella Intelligence",0,70
battle-hardened-lucerne-2025,5,33493644,"Kayo, Armed and Dangerous","Gravy Bones, Shipwrecked Looter",0,71
battle-hardened-lucerne-2025,5,64668954,"Gravy Bones, Shipwrecked Looter","Kayo, Armed and Dangerous",1,71
battle-hardened-lucerne-2025,5,89916114,Dash I/O,"Arakni, 5L!p3d 7hRu 7h3 cR4X",1,72
battle-hardened-lucerne-2025,5,89213328,"Arakni, 5L!p3d 7hRu 7h3 cR4X",Dash I/O,0,72
battle-hardened-lucerne-2025,5,71735621,"Ira, Scarlet Revenger","Gravy Bones, Shipwrecked Looter",1,73
battle-hardened-lucerne-2025,5,42177829,"Gravy Bones, Shipwrecked Looter","Ira, Scarlet Revenger",0,73
battle-hardened-lucerne-2025,5,38167858,"Oscilio, Constella Intelligence","Ira, Scarlet Revenger",0,74
battle-hardened-lucerne-2025,5,52766714,"Ira, Scarlet Revenger","Oscilio, Constella Intelligence",1,74
battle-hardened-lucerne-2025,5,57877587,"Kayo, Armed and Dangerous","Verdance, Thorn of the Rose",1,75
battle-hardened-lucerne-2025,5,99472431,"Verdance, Thorn of the Rose","Kayo, Armed and Dangerous",0,75
battle-hardened-lucerne-2025,5,21558922,"Ira, Scarlet Revenger","Cindra, Dracai of Retribution",0,76
battle-hardened-lucerne-2025,5,48729449,"Cindra, Dracai of Retribution","Ira, Scarlet Revenger",1,76
battle-hardened-lucerne-2025,5,95374148,"Vynnset, Iron Maiden",Dash I/O,0,77
battle-hardened-lucerne-2025,5,96366313,Dash I/O,"Vynnset, Iron Maiden",1,77
battle-hardened-lucerne-2025,5,38796132,"Arakni, Marionette","Cindra, Dracai of Retribution",1,78
battle-hardened-lucerne-2025,5,26165765,"Cindra, Dracai of Retribution","Arakni, Marionette",0,78
battle-hardened-lucerne-2025,5,56775619,"Gravy Bones, Shipwrecked Looter","Arakni, 5L!p3d 7hRu 7h3 cR4X",0,79
battle-hardened-lucerne-2025,5,13187531,"Arakni, 5L!p3d 7hRu 7h3 cR4X","Gravy Bones, Shipwrecked Looter",1,79
battle-hardened-lucerne-2025,5,48574111,"Cindra, Dracai of Retribution",Dash I/O,1,80
battle-hardened-lucerne-2025,5,88641725,Dash I/O,"Cindra, Dracai of Retribution",0,80
battle-hardened-lucerne-2025,5,13422343,"Cindra, Dracai of Retribution",Dorinthea Ironsong,0,81
battle-hardened-lucerne-2025,5,82724311,Dorinthea Ironsong,"Cindra, Dracai of Retribution",1,81
battle-hardened-lucerne-2025,5,97319431,"Florian, Rotwood Harbinger","Cindra, Dracai of Retribution",0,82
battle-hardened-lucerne-2025,5,29735559,"Cindra, Dracai of Retribution","Florian, Rotwood Harbinger",1,82
battle-hardened-lucerne-2025,5,93592527,"Gravy Bones, Shipwrecked Looter","Bravo, Showstopper",1,83
battle-hardened-lucerne-2025,5,28341586,"Bravo, Showstopper","Gravy Bones, Shipwrecked Looter",0,83
battle-hardened-lucerne-2025,5,49385695,"Victor Goldmane, High and Mighty","Riptide, Lurker of the Deep",1,84
battle-hardened-lucerne-2025,5,63863144,"Riptide, Lurker of the Deep","Victor Goldmane, High and Mighty",0,84
battle-hardened-lucerne-2025,5,44446213,"Oscilio, Constella Intelligence","Marlynn, Treasure Hunter",0,85
battle-hardened-lucerne-2025,5,67577456,"Marlynn, Treasure Hunter","Oscilio, Constella Intelligence",1,85
battle-hardened-lucerne-2025,6,95774175,"Verdance, Thorn of the Rose","Arakni, 5L!p3d 7hRu 7h3 cR4X",0,61
battle-hardened-lucerne-2025,6,65273658,"Arakni, 5L!p3d 7hRu 7h3 cR4X","Verdance, Thorn of the Rose",1,61
battle-hardened-lucerne-2025,6,10028,"Arakni, 5L!p3d 7hRu 7h3 cR4X","Gravy Bones, Shipwrecked Looter",0,62
battle-hardened-lucerne-2025,6,37873831,"Gravy Bones, Shipwrecked Looter","Arakni, 5L!p3d 7hRu 7h3 cR4X",1,62
battle-hardened-lucerne-2025,6,71386322,Dash I/O,"Verdance, Thorn of the Rose",1,63
battle-hardened-lucerne-2025,6,11125774,"Verdance, Thorn of the Rose",Dash I/O,0,63
battle-hardened-lucerne-2025,6,78195736,"Victor Goldmane, High and Mighty","Oscilio, Constella Intelligence",1,64
battle-hardened-lucerne-2025,6,13564227,"Oscilio, Constella Intelligence","Victor Goldmane, High and Mighty",0,64
battle-hardened-lucerne-2025,6,56924861,Kassai of the Golden Sand,"Gravy Bones, Shipwrecked Looter",1,65
battle-hardened-lucerne-2025,6,57246191,"Gravy Bones, Shipwrecked Looter",Kassai of the Golden Sand,0,65
battle-hardened-lucerne-2025,6,41632944,"Gravy Bones, Shipwrecked Looter","Oscilio, Constella Intelligence",1,66
battle-hardened-lucerne-2025,6,78844547,"Oscilio, Constella Intelligence","Gravy Bones, Shipwrecked Looter",0,66
battle-hardened-lucerne-2025,6,69118899,"Verdance, Thorn of the Rose","Ira, Scarlet Revenger",1,67
battle-hardened-lucerne-2025,6,79887691,"Ira, Scarlet Revenger","Verdance, Thorn of the Rose",0,67
battle-hardened-lucerne-2025,6,87743199,Jarl Vetreiði,Dash I/O,1,68
battle-hardened-lucerne-2025,6,27315962,Dash I/O,Jarl Vetreiði,0,68
battle-hardened-lucerne-2025,6,72582567,"Riptide, Lurker of the Deep",Jarl Vetreiði,0,69
battle-hardened-lucerne-2025,6,46958411,Jarl Vetreiði,"Riptide, Lurker of the Deep",1,69
battle-hardened-lucerne-2025,6,53499814,"Cindra, Dracai of Retribution","Florian, Rotwood Harbinger",1,70
battle-hardened-lucerne-2025,6,57421669,"Florian, Rotwood Harbinger","Cindra, Dracai of Retribution",0,70
battle-hardened-lucerne-2025,6,92393911,"Florian, Rotwood Harbinger","Verdance, Thorn of the Rose",0,71
battle-hardened-lucerne-2025,6,89655991,"Verdance, Thorn of the Rose","Florian, Rotwood Harbinger",1,71
battle-hardened-lucerne-2025,6,74352656,"Prism, Awakener of Sol",Dash I/O,1,72
battle-hardened-lucerne-2025,6,96366313,Dash I/O,"Prism, Awakener of Sol",0,72
battle-hardened-lucerne-2025,6,76478639,"Verdance, Thorn of the Rose",Dash I/O,0,73
battle-hardened-lucerne-2025,6,89916114,Dash I/O,"Verdance, Thorn of the Rose",1,73
battle-hardened-lucerne-2025,6,49363777,"Florian, Rotwood Harbinger","Kayo, Armed and Dangerous",1,74
battle-hardened-lucerne-2025,6,57877587,"Kayo, Armed and Dangerous","Florian, Rotwood Harbinger",0,74
battle-hardened-lucerne-2025,6,18135535,"Ira, Scarlet Revenger","Cindra, Dracai of Retribution",1,75
battle-hardened-lucerne-2025,6,48729449,"Cindra, Dracai of Retribution","Ira, Scarlet Revenger",0,75
battle-hardened-lucerne-2025,6,72579217,"Oscilio, Constella Intelligence","Vynnset, Iron Maiden",0,76
battle-hardened-lucerne-2025,6,55996332,"Vynnset, Iron Maiden","Oscilio, Constella Intelligence",1,76
battle-hardened-lucerne-2025,6,71735621,"Ira, Scarlet Revenger","Gravy Bones, Shipwrecked Looter",1,77
battle-hardened-lucerne-2025,6,64668954,"Gravy Bones, Shipwrecked Looter","Ira, Scarlet Revenger",0,77
battle-hardened-lucerne-2025,6,52766714,"Ira, Scarlet Revenger","Arakni, 5L!p3d 7hRu 7h3 cR4X",1,78
battle-hardened-lucerne-2025,6,45158923,"Arakni, 5L!p3d 7hRu 7h3 cR4X","Ira, Scarlet Revenger",0,78
battle-hardened-lucerne-2025,6,63277324,"Ira, Scarlet Revenger",Dorinthea Ironsong,1,79
battle-hardened-lucerne-2025,6,82724311,Dorinthea Ironsong,"Ira, Scarlet Revenger",0,79
battle-hardened-lucerne-2025,6,37922496,"Gravy Bones, Shipwrecked Looter","Cindra, Dracai of Retribution",0,80
battle-hardened-lucerne-2025,6,54291163,"Cindra, Dracai of Retribution","Gravy Bones, Shipwrecked Looter",1,80
battle-hardened-lucerne-2025,6,33493644,"Kayo, Armed and Dangerous",Dash I/O,0,81
battle-hardened-lucerne-2025,6,88641725,Dash I/O,"Kayo, Armed and Dangerous",1,81
battle-hardened-lucerne-2025,6,38167858,"Oscilio, Constella Intelligence","Vynnset, Iron Maiden",1,82
battle-hardened-lucerne-2025,6,95374148,"Vynnset, Iron Maiden","Oscilio, Constella Intelligence",0,82
battle-hardened-lucerne-2025,6,55742422,"Gravy Bones, Shipwrecked Looter","Ira, Scarlet Revenger",0,83
battle-hardened-lucerne-2025,6,19983265,"Ira, Scarlet Revenger","Gravy Bones, Shipwrecked Looter",1,83
battle-hardened-lucerne-2025,6,39713346,"Cindra, Dracai of Retribution","Cindra, Dracai of Retribution",1,84
battle-hardened-lucerne-2025,6,29735559,"Cindra, Dracai of Retribution","Cindra, Dracai of Retribution",0,84
battle-hardened-lucerne-2025,6,21558922,"Ira, Scarlet Revenger","Gravy Bones, Shipwrecked Looter",0,85
battle-hardened-lucerne-2025,6,42177829,"Gravy Bones, Shipwrecked Looter","Ira, Scarlet Revenger",1,85
battle-hardened-lucerne-2025,6,48574111,"Cindra, Dracai of Retribution","Arakni, 5L!p3d 7hRu 7h3 cR4X",1,86
battle-hardened-lucerne-2025,6,13187531,"Arakni, 5L!p3d 7hRu 7h3 cR4X","Cindra, Dracai of Retribution",0,86
battle-hardened-lucerne-2025,6,93592527,"Gravy Bones, Shipwrecked Looter","Victor Goldmane, High and Mighty",1,87
battle-hardened-lucerne-2025,6,49385695,"Victor Goldmane, High and Mighty","Gravy Bones, Shipwrecked Looter",0,87
battle-hardened-lucerne-2025,6,13422343,"Cindra, Dracai of Retribution","Florian, Rotwood Harbinger",1,88
battle-hardened-lucerne-2025,6,97319431,"Florian, Rotwood Harbinger","Cindra, Dracai of Retribution",0,88
battle-hardened-lucerne-2025,6,26165765,"Cindra, Dracai of Retribution","Riptide, Lurker of the Deep",1,89
battle-hardened-lucerne-2025,6,63863144,"Riptide, Lurker of the Deep","Cindra, Dracai of Retribution",0,89
battle-hardened-lucerne-2025,6,28341586,"Bravo, Showstopper","Marlynn, Treasure Hunter",0,90
battle-hardened-lucerne-2025,6,67577456,"Marlynn, Treasure Hunter","Bravo, Showstopper",1,90
battle-hardened-lucerne-2025,7,65273658,"Arakni, 5L!p3d 7hRu 7h3 cR4X","Arakni, 5L!p3d 7hRu 7h3 cR4X",1,71
battle-hardened-lucerne-2025,7,10028,"Arakni, 5L!p3d 7hRu 7h3 cR4X","Arakni, 5L!p3d 7hRu 7h3 cR4X",0,71
battle-hardened-lucerne-2025,7,95774175,"Verdance, Thorn of the Rose","Victor Goldmane, High and Mighty",1,72
battle-hardened-lucerne-2025,7,78195736,"Victor Goldmane, High and Mighty","Verdance, Thorn of the Rose",0,72
battle-hardened-lucerne-2025,7,71386322,Dash I/O,"Verdance, Thorn of the Rose",0,73
battle-hardened-lucerne-2025,7,69118899,"Verdance, Thorn of the Rose",Dash I/O,1,73
battle-hardened-lucerne-2025,7,56924861,Kassai of the Golden Sand,"Gravy Bones, Shipwrecked Looter",0,74
battle-hardened-lucerne-2025,7,41632944,"Gravy Bones, Shipwrecked Looter",Kassai of the Golden Sand,1,74
battle-hardened-lucerne-2025,7,87743199,Jarl Vetreiði,"Gravy Bones, Shipwrecked Looter",0,75
battle-hardened-lucerne-2025,7,37873831,"Gravy Bones, Shipwrecked Looter",Jarl Vetreiði,1,75
battle-hardened-lucerne-2025,7,57246191,"Gravy Bones, Shipwrecked Looter","Florian, Rotwood Harbinger",1,76
battle-hardened-lucerne-2025,7,49363777,"Florian, Rotwood Harbinger","Gravy Bones, Shipwrecked Looter",0,76
battle-hardened-lucerne-2025,7,78844547,"Oscilio, Constella Intelligence",Dash I/O,0,77
battle-hardened-lucerne-2025,7,89916114,Dash I/O,"Oscilio, Constella Intelligence",1,77
battle-hardened-lucerne-2025,7,11125774,"Verdance, Thorn of the Rose","Prism, Awakener of Sol",0,78
battle-hardened-lucerne-2025,7,74352656,"Prism, Awakener of Sol","Verdance, Thorn of the Rose",0,78
battle-hardened-lucerne-2025,7,27315962,Dash I/O,"Cindra, Dracai of Retribution",1,79
battle-hardened-lucerne-2025,7,53499814,"Cindra, Dracai of Retribution",Dash I/O,0,79
battle-hardened-lucerne-2025,7,13564227,"Oscilio, Constella Intelligence","Vynnset, Iron Maiden",1,80
battle-hardened-lucerne-2025,7,55996332,"Vynnset, Iron Maiden","Oscilio, Constella Intelligence",0,80
battle-hardened-lucerne-2025,7,89655991,"Verdance, Thorn of the Rose","Cindra, Dracai of Retribution",0,81
battle-hardened-lucerne-2025,7,54291163,"Cindra, Dracai of Retribution","Verdance, Thorn of the Rose",1,81
battle-hardened-lucerne-2025,7,46958411,Jarl Vetreiði,"Ira, Scarlet Revenger",0,82
battle-hardened-lucerne-2025,7,52766714,"Ira, Scarlet Revenger",Jarl Vetreiði,1,82
battle-hardened-lucerne-2025,7,18135535,"Ira, Scarlet Revenger","Ira, Scarlet Revenger",1,83
battle-hardened-lucerne-2025,7,71735621,"Ira, Scarlet Revenger","Ira, Scarlet Revenger",0,83
battle-hardened-lucerne-2025,7,76478639,"Verdance, Thorn of the Rose","Ira, Scarlet Revenger",0,84
battle-hardened-lucerne-2025,7,63277324,"Ira, Scarlet Revenger","Verdance, Thorn of the Rose",1,84
battle-hardened-lucerne-2025,7,57421669,"Florian, Rotwood Harbinger","Oscilio, Constella Intelligence",1,85
battle-hardened-lucerne-2025,7,38167858,"Oscilio, Constella Intelligence","Florian, Rotwood Harbinger",0,85
battle-hardened-lucerne-2025,7,57877587,"Kayo, Armed and Dangerous","Ira, Scarlet Revenger",0,86
battle-hardened-lucerne-2025,7,19983265,"Ira, Scarlet Revenger","Kayo, Armed and Dangerous",1,86
battle-hardened-lucerne-2025,7,64668954,"Gravy Bones, Shipwrecked Looter","Cindra, Dracai of Retribution",0,87
battle-hardened-lucerne-2025,7,48574111,"Cindra, Dracai of Retribution","Gravy Bones, Shipwrecked Looter",1,87
battle-hardened-lucerne-2025,7,45158923,"Arakni, 5L!p3d 7hRu 7h3 cR4X","Cindra, Dracai of Retribution",0,88
battle-hardened-lucerne-2025,7,48729449,"Cindra, Dracai of Retribution","Arakni, 5L!p3d 7hRu 7h3 cR4X",1,88
battle-hardened-lucerne-2025,7,39713346,"Cindra, Dracai of Retribution","Gravy Bones, Shipwrecked Looter",1,89
battle-hardened-lucerne-2025,7,93592527,"Gravy Bones, Shipwrecked Looter","Cindra, Dracai of Retribution",0,89
battle-hardened-lucerne-2025,7,37922496,"Gravy Bones, Shipwrecked Looter","Riptide, Lurker of the Deep",1,90
battle-hardened-lucerne-2025,7,63863144,"Riptide, Lurker of the Deep","Gravy Bones, Shipwrecked Looter",0,90
battle-hardened-lucerne-2025,7,55742422,"Gravy Bones, Shipwrecked Looter","Ira, Scarlet Revenger",0,91
battle-hardened-lucerne-2025,7,21558922,"Ira, Scarlet Revenger","Gravy Bones, Shipwrecked Looter",1,91
battle-hardened-lucerne-2025,7,95374148,"Vynnset, Iron Maiden",Dorinthea Ironsong,0,92
battle-hardened-lucerne-2025,7,82724311,Dorinthea Ironsong,"Vynnset, Iron Maiden",1,92
battle-hardened-lucerne-2025,7,29735559,"Cindra, Dracai of Retribution","Marlynn, Treasure Hunter",0,93
battle-hardened-lucerne-2025,7,67577456,"Marlynn, Treasure Hunter","Cindra, Dracai of Retribution",1,93
battle-hardened-lucerne-2025,7,49385695,"Victor Goldmane, High and Mighty","Cindra, Dracai of Retribution",0,94
battle-hardened-lucerne-2025,7,13422343,"Cindra, Dracai of Retribution","Victor Goldmane, High and Mighty",1,94
battle-hardened-lucerne-2025,7,88641725,Dash I/O,"Cindra, Dracai of Retribution",1,95
battle-hardened-lucerne-2025,7,26165765,"Cindra, Dracai of Retribution",Dash I/O,0,95
battle-hardened-lucerne-2025,8,65273658,"Arakni, 5L!p3d 7hRu 7h3 cR4X","Victor Goldmane, High and Mighty",1,81
battle-hardened-lucerne-2025,8,78195736,"Victor Goldmane, High and Mighty","Arakni, 5L!p3d 7hRu 7h3 cR4X",0,81
battle-hardened-lucerne-2025,8,69118899,"Verdance, Thorn of the Rose","Gravy Bones, Shipwrecked Looter",0,82
battle-hardened-lucerne-2025,8,37873831,"Gravy Bones, Shipwrecked Looter","Verdance, Thorn of the Rose",1,82
battle-hardened-lucerne-2025,8,41632944,"Gravy Bones, Shipwrecked Looter","Arakni, 5L!p3d 7hRu 7h3 cR4X",0,83
battle-hardened-lucerne-2025,8,10028,"Arakni, 5L!p3d 7hRu 7h3 cR4X","Gravy Bones, Shipwrecked Looter",1,83
battle-hardened-lucerne-2025,8,95774175,"Verdance, Thorn of the Rose",Dash I/O,1,84
battle-hardened-lucerne-2025,8,71386322,Dash I/O,"Verdance, Thorn of the Rose",0,84
battle-hardened-lucerne-2025,9,65273658,"Arakni, 5L!p3d 7hRu 7h3 cR4X","Gravy Bones, Shipwrecked Looter",1,91
battle-hardened-lucerne-2025,9,37873831,"Gravy Bones, Shipwrecked Looter","Arakni, 5L!p3d 7hRu 7h3 cR4X",0,91
battle-hardened-lucerne-2025,9,10028,"Arakni, 5L!p3d 7hRu 7h3 cR4X","Verdance, Thorn of the Rose",0,92
battle-hardened-lucerne-2025,9,95774175,"Verdance, Thorn of the Rose","Arakni, 5L!p3d 7hRu 7h3 cR4X",1,92
battle-hardened-lucerne-2025,10,65273658,"Arakni, 5L!p3d 7hRu 7h3 cR4X","Verdance, Thorn of the Rose",0,101
battle-hardened-lucerne-2025,10,95774175,"Verdance, Thorn of the Rose","Arakni, 5L!p3d 7hRu 7h3 cR4X",1,101
